0.330878,9.819287,-0.897598,0.569202,0.055488,0.820323,0.000000
-1.056283,9.874655,0.541017,0.841327,0.041646,0.538919,0.000000
-0.686942,11.960701,0.367594,0.837028,-0.194050,0.511595,0.000000
-1.178982,11.603279,0.794271,0.870245,-0.131079,0.474861,0.000000
0.393261,10.773534,-0.977896,0.548020,0.005274,0.836449,0.000000
-1.239973,10.623383,0.802251,0.883258,-0.004275,0.468868,0.000000
0.428813,9.810763,6.745440,0.522287,0.104706,-0.846317,0.000000
-0.974603,9.786386,5.360896,0.822033,0.063714,-0.565864,0.000000
0.739458,13.225769,6.155534,0.459600,-0.534810,-0.709046,0.000000
-0.376245,13.241503,5.044299,0.699154,-0.538743,-0.470041,0.000000
0.415303,10.771261,6.773107,0.524727,-0.041245,-0.850271,0.000000
-1.057769,10.793562,5.284154,0.855245,-0.046820,-0.516105,0.000000
4.947907,9.885757,-1.140977,-0.477729,0.038871,0.877647,0.000000
6.556590,9.838230,0.255462,-0.798827,0.050753,0.599416,0.000000
4.959572,11.452815,-1.144070,-0.474530,-0.093202,0.875291,0.000000
6.132313,13.251565,0.826006,-0.713974,-0.540933,0.444558,0.000000
4.751949,10.492333,-1.270903,-0.422387,0.028487,0.905968,0.000000
6.603058,10.543615,0.263619,-0.821758,0.015666,0.569621,0.000000
5.094738,9.907257,6.871051,-0.480524,0.080583,-0.873271,0.000000
6.718134,9.841306,5.307114,-0.836882,0.049984,-0.545097,0.000000
4.790128,13.284712,6.218090,-0.419977,-0.549455,-0.722301,0.000000
6.048924,13.307777,5.002996,-0.695710,-0.555221,-0.455760,0.000000
5.103016,10.769031,6.886189,-0.481693,-0.040687,-0.875395,0.000000
6.791723,10.797638,5.223705,-0.866848,-0.047839,-0.496273,0.000000
2.780898,6.928086,-1.111993,-0.000000,0.254057,0.967189,0.000000
2.894526,6.091186,0.177333,-0.019123,0.813360,0.581446,0.000000
2.738388,8.473795,-1.341601,-0.000000,0.108030,0.994148,0.000000
2.922968,8.022902,-1.301495,-0.000000,0.080805,0.996730,0.000000
2.780898,6.875503,6.888267,-0.000000,0.267202,-0.963640,0.000000
2.888130,5.939448,5.424559,-0.016971,0.846083,-0.532781,0.000000
2.738237,8.561633,7.151038,-0.000000,0.084767,-0.996401,0.000000
2.922968,7.941807,7.091544,-0.000000,0.101078,-0.994878,0.000000
2.870217,9.973026,-1.681069,-0.000000,0.017054,0.999855,0.000000
2.796322,15.278777,2.228096,0.003172,-0.997354,0.072625,0.000000
2.802673,11.191457,-1.692407,-0.000000,-0.027863,0.999612,0.000000
2.772712,10.545481,-1.690476,-0.000000,0.015200,0.999884,0.000000
2.795129,9.974106,7.485790,-0.000000,0.016784,-0.999859,0.000000
2.808408,15.272909,3.593157,0.003567,-0.996750,-0.080478,0.000000
2.864266,11.270701,7.478980,-0.000000,-0.048066,-0.998844,0.000000
2.887618,10.637994,7.491058,-0.000000,-0.007928,-0.999969,0.000000
0.376665,9.280016,-0.876500,0.566549,0.111142,0.816499,0.000000
-0.527046,8.673406,0.073830,0.734246,0.213145,0.644555,0.000000
4.921474,9.447687,-1.129404,-0.476943,0.069224,0.876204,0.000000
6.165405,8.648028,0.032630,-0.727014,0.224912,0.648742,0.000000
-0.107311,8.770462,6.174909,0.673385,0.186224,-0.715454,0.000000
-0.588170,8.771572,5.667639,0.750615,0.187301,-0.633637,0.000000
5.690845,8.619862,6.240405,-0.647684,0.225681,-0.727718,0.000000
6.287004,8.641315,5.625520,-0.754416,0.225287,-0.616525,0.000000
-1.172729,6.978200,2.829868,0.970394,0.241528,0.000000,0.000000
-1.412764,8.587006,2.799332,0.992249,0.124199,0.003982,0.000000
0.129342,6.067925,2.790872,0.555993,0.831187,-0.000000,0.000000
-1.344255,7.967989,2.816158,0.995522,0.094533,0.000000,0.000000
-1.750647,9.969080,2.853160,0.999837,0.018040,0.000000,0.000000
-1.738271,11.392124,2.852380,0.998525,-0.054293,-0.000000,0.000000
2.015783,15.264639,2.804440,0.085965,-0.996298,-0.000000,0.000000
-1.755695,10.819295,2.855291,0.999981,-0.006167,-0.000000,0.000000
6.853685,6.951240,2.829868,-0.968691,0.248268,-0.000000,0.000000
7.098971,8.665319,2.755099,-0.994006,0.108235,0.015413,0.000000
5.704194,6.211170,2.809541,-0.617317,0.786232,0.027539,0.000000
7.035789,8.022058,2.816158,-0.996713,0.081015,-0.000000,0.000000
7.431028,9.955530,2.835169,-0.999770,0.021428,-0.000000,0.000000
7.429580,11.284405,2.861871,-0.998688,-0.051209,-0.000000,0.000000
3.510146,15.277539,2.955792,-0.073012,-0.997300,-0.007912,0.000000
7.439860,10.796319,2.835530,-1.000000,-0.000423,-0.000000,0.000000
-1.738962,9.475316,2.859179,0.999615,0.027738,0.000000,0.000000
7.421346,9.594809,2.867321,-0.999394,0.034808,-0.000000,0.000000
2.747017,15.295820,2.824365,0.001815,-0.999984,-0.005332,0.000000
2.868366,9.515609,-1.672448,-0.000000,0.020167,0.999797,0.000000
2.805299,9.487732,7.476147,-0.000000,0.021925,-0.999760,0.000000
0.375045,9.909002,-0.934038,0.531185,0.080146,0.843457,0.000000
-1.164022,9.881242,0.724906,0.879910,0.087086,0.467091,0.000000
0.704043,13.255729,-0.338665,0.460528,-0.542064,0.702909,0.000000
0.435282,13.370386,-0.062429,0.492633,-0.546732,0.677051,0.000000
0.357042,10.626766,-0.954603,0.532892,-0.005121,0.846168,0.000000
-1.165466,10.837517,0.667216,0.877768,-0.010722,0.478966,0.000000
0.213635,9.841957,6.601457,0.602474,0.049821,-0.796582,0.000000
-1.041962,9.845645,5.265027,0.852230,0.095986,-0.514286,0.000000
-0.541300,12.033268,5.568499,0.808834,-0.212818,-0.548175,0.000000
0.237775,11.963616,6.348522,0.531126,-0.195275,-0.824484,0.000000
0.441236,10.909496,6.783804,0.543699,-0.028717,-0.838789,0.000000
-1.011454,10.867444,5.352502,0.829749,-0.018204,-0.557840,0.000000
4.826460,9.942360,-1.205678,-0.421468,0.071807,0.903996,0.000000
6.578732,9.938036,0.275682,-0.819673,0.072888,0.568175,0.000000
5.896578,13.363633,0.594803,-0.696761,-0.544692,0.466728,0.000000
5.458730,12.041641,-0.555828,-0.532157,-0.214304,0.819074,0.000000
5.069541,10.808228,-1.115292,-0.476602,-0.003400,0.879113,0.000000
6.776533,10.844168,0.526460,-0.848827,-0.012385,0.528525,0.000000
5.207131,9.854369,6.800781,-0.535031,0.046718,-0.843540,0.000000
6.780477,9.902602,5.212687,-0.864937,0.081746,-0.495179,0.000000
6.198419,12.066294,5.602414,-0.801378,-0.220985,-0.555841,0.000000
5.387831,11.987064,6.395715,-0.516251,-0.200895,-0.832542,0.000000
5.084043,10.905885,6.891552,-0.502457,-0.027814,-0.864154,0.000000
6.723829,10.847595,5.331755,-0.836415,-0.013242,-0.547936,0.000000
2.880304,7.034817,-1.140028,-0.000000,0.254057,0.967189,0.000000
2.937449,6.104781,0.161470,-0.000000,0.826283,0.563256,0.000000
2.867296,8.614463,-1.358922,0.012655,0.120445,0.992639,0.000000
2.779112,8.211248,-1.316765,-0.000000,0.080805,0.996730,0.000000
2.880304,6.982234,6.917861,-0.000000,0.267202,-0.963640,0.000000
2.945147,5.956257,5.448160,-0.000000,0.856899,-0.515484,0.000000
2.839435,8.664549,7.162443,0.020249,0.105317,-0.994232,0.000000
2.779112,8.130155,7.110680,-0.000000,0.101078,-0.994878,0.000000
2.783885,10.161373,-1.684281,-0.000000,0.017054,0.999855,0.000000
2.936445,15.270159,2.107143,-0.000000,-0.997065,0.076555,0.000000
2.888363,11.288490,-1.689703,-0.000000,-0.027863,0.999612,0.000000
2.875028,10.733828,-1.693340,-0.000000,0.015200,0.999884,0.000000
2.884014,10.162453,7.488953,-0.000000,0.016784,-0.999859,0.000000
2.930134,15.263596,3.711488,0.000000,-0.996444,-0.084258,0.000000
2.801492,11.366164,7.474386,-0.000000,-0.048066,-0.998844,0.000000
2.794982,10.826341,7.489565,-0.000000,-0.007928,-0.999969,0.000000
0.039786,8.693995,-0.491781,0.635598,0.209249,0.743122,0.000000
-1.040926,9.393907,0.569973,0.839262,0.081418,0.537596,0.000000
5.538232,8.616269,-0.556896,-0.613862,0.230488,0.755015,0.000000
6.522992,9.191684,0.306691,-0.792472,0.135589,0.594647,0.000000
0.248345,9.356302,6.586421,0.600804,0.089465,-0.794374,0.000000
-0.958521,9.329813,5.320796,0.819787,0.097442,-0.564318,0.000000
5.171998,9.365589,6.785415,-0.533579,0.087143,-0.841249,0.000000
6.691215,9.266925,5.264581,-0.832196,0.116779,-0.542045,0.000000
-1.199293,7.084931,2.932566,0.970394,0.241528,-0.000000,0.000000
-1.387936,8.388021,3.000297,0.991752,0.128170,-0.000000,0.000000
0.145111,6.054436,2.821372,0.574542,0.818186,0.021737,0.000000
-1.362140,8.156337,2.966027,0.995522,0.094533,-0.000000,0.000000
-1.754045,10.157427,2.931723,0.999837,0.018040,-0.000000,0.000000
-1.743491,11.296137,2.919313,0.998525,-0.054293,-0.000000,0.000000
2.161099,15.275222,2.953095,0.076249,-0.997052,-0.008578,0.000000
-1.756857,10.630948,2.943574,0.999981,-0.006167,-0.000000,0.000000
6.881040,7.057971,2.932566,-0.968691,0.248268,-0.000000,0.000000
7.071989,8.414131,3.005241,-0.992351,0.123450,-0.000000,0.000000
5.696733,6.208642,2.790390,-0.593215,0.805044,-0.000000,0.000000
7.051099,8.210405,2.966027,-0.996713,0.081015,-0.000000,0.000000
7.435064,10.143877,2.934113,-0.999770,0.021428,-0.000000,0.000000
7.424627,11.380996,2.942430,-0.998688,-0.051209,0.000000,0.000000
3.655393,15.267361,2.801026,-0.082561,-0.996586,-0.000000,0.000000
7.439940,10.607972,2.940757,-1.000000,-0.000423,-0.000000,0.000000
-1.742661,9.608630,2.907057,0.999615,0.027738,-0.000000,0.000000
7.417207,9.475953,2.935941,-0.999394,0.034808,-0.000000,0.000000
2.927923,15.295244,3.005432,0.002166,-0.999985,-0.004982,0.000000
2.809634,9.643918,-1.675036,-0.000000,0.020167,0.999797,0.000000
2.866087,9.626464,7.479189,-0.000000,0.021925,-0.999760,0.000000
2.685759,-0.736462,5.809248,0.546975,0.670572,-0.501149,2.000000
2.494990,-1.092224,4.661851,0.552958,0.809392,-0.197791,2.000000
2.613731,5.166200,5.728879,0.564667,-0.670637,-0.481038,2.000000
2.461848,5.520704,4.570738,0.561006,-0.809104,-0.174993,2.000000
7.244631,-0.851693,5.800565,-0.515178,0.696940,-0.498866,2.000000
8.015357,-0.105540,5.802406,-0.678334,0.539015,-0.499326,2.000000
7.251215,5.292635,5.782257,-0.516335,-0.699354,-0.494270,2.000000
8.036427,4.530673,5.782299,-0.683243,-0.537462,-0.494280,2.000000
5.017626,-1.316264,1.119915,-0.003470,0.843831,0.536597,2.000000
4.962602,-0.255198,0.034788,-0.000000,0.533299,0.845927,2.000000
5.024580,-2.181808,3.994277,-0.000000,0.998860,-0.047732,2.000000
5.084299,1.798906,7.936566,-0.000000,0.023712,-0.999719,2.000000
4.964171,5.732690,1.097250,-0.000000,-0.850334,0.526244,2.000000
5.000141,4.609987,-0.012218,0.002902,-0.532074,0.846693,2.000000
5.011780,6.612713,4.018966,-0.000000,-0.999305,-0.037267,2.000000
5.003681,2.535501,7.938508,0.004818,-0.018888,-0.999810,2.000000
1.519216,2.280957,1.086471,0.848660,-0.000000,0.528938,2.000000
2.569408,2.147361,0.027676,0.530629,0.000000,0.847604,2.000000
8.541948,2.281554,1.090635,-0.849319,-0.000000,0.527880,2.000000
7.489168,2.150310,0.028313,-0.531025,-0.000000,0.847356,2.000000
0.630909,2.212438,3.972732,0.999100,-0.000000,-0.042409,2.000000
4.701931,2.210899,7.937486,0.020864,0.000893,-0.999782,2.000000
9.428328,2.206347,3.963819,-0.999200,-0.000000,-0.039993,2.000000
5.339561,2.203473,7.939453,-0.016725,0.000783,-0.999860,2.000000
1.800570,-0.553952,2.840811,0.765266,0.621592,0.167304,2.000000
1.536791,-0.376757,3.773926,0.784699,0.619042,-0.032150,2.000000
1.810116,4.990441,2.837705,0.763358,-0.623721,0.168099,2.000000
1.532794,4.797733,3.763587,0.785660,-0.617951,-0.029565,2.000000
8.207174,-0.588605,2.738050,-0.752954,0.629143,0.192976,2.000000
7.840761,-0.953042,2.724703,-0.632046,0.749675,0.196227,2.000000
8.175930,5.050588,2.721491,-0.745314,-0.636902,0.197135,2.000000
7.836318,5.385456,2.713449,-0.630905,-0.749893,0.199047,2.000000
0.623005,2.197837,3.589932,0.999959,-0.000000,-0.009084,2.000000
9.434593,2.236312,3.562038,-0.999998,-0.000000,-0.002182,2.000000
5.011241,-2.190883,3.586307,-0.000000,0.999967,-0.008077,2.000000
5.011656,6.621206,3.571565,-0.000000,-0.999991,-0.004366,2.000000
5.004185,2.190828,-0.861975,-0.000000,-0.000000,1.000000,2.000000
5.068497,2.159975,7.940781,0.004113,0.000621,-0.999991,2.000000
1.662010,-0.255772,4.610425,0.822572,0.537772,-0.184870,2.000000
2.036026,-0.080396,5.804154,0.679977,0.536428,-0.499876,2.000000
1.628114,4.668682,4.520658,0.830373,-0.533024,-0.162378,2.000000
1.998351,4.530510,5.728596,0.689120,-0.542019,-0.480968,2.000000
8.338703,-0.351747,4.591547,-0.808290,0.560584,-0.180038,2.000000
7.469961,-1.202128,4.523771,-0.529580,0.832458,-0.162970,2.000000
8.370135,4.763219,4.523391,-0.815413,-0.555472,-0.162948,2.000000
7.494017,5.620138,4.516734,-0.535368,-0.829095,-0.161191,2.000000
5.094762,-1.284184,1.069749,-0.000000,0.846055,0.533095,2.000000
5.054487,-0.178280,-0.013388,-0.001912,0.531653,0.846960,2.000000
5.046084,-2.178639,4.060572,-0.000000,0.998860,-0.047731,2.000000
5.004863,1.893307,7.938161,0.004931,0.019741,-0.999793,2.000000
5.037635,5.762427,1.144426,0.004177,-0.847686,0.530482,2.000000
5.094047,4.690090,0.037956,-0.000000,-0.534531,0.845149,2.000000
5.035135,6.615190,3.952545,-0.000000,-0.999305,-0.037267,2.000000
5.085128,2.630498,7.936970,-0.000000,-0.022911,-0.999738,2.000000
1.490064,2.207776,1.132303,0.845773,-0.004548,0.533524,2.000000
2.650076,2.243460,-0.022326,0.528114,-0.002940,0.849168,2.000000
8.575291,2.201628,1.143672,-0.847589,-0.002716,0.530647,2.000000
7.412828,2.241262,-0.019233,-0.529474,-0.001797,0.848324,2.000000
0.633712,2.229386,4.038771,0.999100,-0.000000,-0.042409,2.000000
4.622634,2.269223,7.935878,0.021510,-0.000000,-0.999769,2.000000
9.425654,2.236232,4.030611,-0.999200,-0.000000,-0.039993,2.000000
5.419542,2.273988,7.938154,-0.017417,0.000000,-0.999848,2.000000
2.382340,-1.235752,3.714658,0.631983,0.774789,-0.017283,2.000000
2.273763,-1.026381,2.848747,0.617728,0.768829,0.165269,2.000000
2.335031,5.625237,3.660729,0.644078,-0.764951,-0.003788,2.000000
2.256002,5.438495,2.852002,0.622302,-0.765306,0.164462,2.000000
7.524282,-1.357931,3.699710,-0.594372,0.804076,-0.013546,2.000000
8.513430,-0.397684,3.584427,-0.782830,0.622050,0.015189,2.000000
7.522870,5.790231,3.653185,-0.593959,-0.804493,-0.001902,2.000000
8.526206,4.813607,3.590152,-0.785893,-0.618210,0.013758,2.000000
0.623838,2.230832,3.681663,0.999959,-0.000000,-0.009084,2.000000
9.434392,2.197467,3.653911,-0.999998,-0.000000,-0.002182,2.000000
5.046911,-2.190144,3.677837,-0.000000,0.999967,-0.008077,2.000000
5.046473,6.620806,3.663043,0.000000,-0.999990,-0.004366,2.000000
5.054499,2.241225,-0.861975,-0.000000,-0.000000,1.000000,2.000000
4.957538,2.271143,7.940407,0.003991,0.000743,-0.999992,2.000000
0.219096,2.937929,-0.630674,0.626326,0.063899,0.776938,3.000000
-0.474622,2.541067,0.094566,0.748393,0.127204,0.650943,2.000000
0.344603,3.778816,-0.781042,0.585017,0.035171,0.810258,3.000000
-0.849195,3.775343,0.431290,0.819431,0.036039,0.572044,3.000000
0.198874,3.282907,-0.637890,0.626991,0.044325,0.777764,3.000000
-0.719365,3.274838,0.298416,0.790113,0.046342,0.611207,3.000000
-0.429129,1.659626,5.705388,0.773325,0.109822,-0.624425,2.000000
-0.417474,2.632099,5.813577,0.752580,0.092573,-0.651962,2.000000
-0.970719,2.808117,5.074882,0.860117,0.061943,-0.506321,2.000000
0.127196,3.898037,6.415968,0.612974,0.043640,-0.788897,3.000000
-1.049772,3.790646,5.029618,0.867182,0.032214,-0.496948,3.000000
-0.135459,3.239930,6.161068,0.681842,0.055069,-0.729424,3.000000
-1.022444,3.296346,5.037797,0.862282,0.040965,-0.504770,3.000000
-0.418684,2.593997,5.808835,0.755077,0.025550,-0.655139,2.000000
0.529797,4.722095,-0.949183,0.530649,0.028998,0.847095,3.000000
-1.003698,4.720429,0.601161,0.852997,0.029415,0.521086,3.000000
0.666056,5.653350,-1.064684,0.489939,0.025832,0.871374,3.000000
-1.111856,5.653577,0.728056,0.875502,0.025775,0.482526,3.000000
0.603567,5.189564,-1.012233,0.508738,0.026955,0.860500,3.000000
-1.062908,5.187955,0.670336,0.865474,0.027357,0.500206,3.000000
0.772440,6.578380,-1.152219,0.457317,0.024221,0.888974,3.000000
-1.198246,6.577098,0.834799,0.892803,0.024542,0.449778,3.000000
-0.733001,8.553703,0.540035,0.847358,-0.232908,0.477219,3.000000
-0.467278,9.908528,1.223023,0.728690,-0.593261,0.342128,3.000000
0.821800,7.042656,-1.191061,0.442256,0.022976,0.896595,3.000000
-1.234185,7.041435,0.879298,0.899722,0.023281,0.435841,3.000000
0.718145,6.113959,-1.108678,0.473861,0.025503,0.880230,3.000000
-1.155395,6.114092,0.780561,0.884238,0.025470,0.466342,3.000000
0.317419,4.837782,6.592708,0.560632,0.038351,-0.827177,3.000000
-1.102291,4.724138,4.996668,0.876450,0.028488,-0.480650,3.000000
0.487255,5.777344,6.734169,0.513501,0.033108,-0.857450,3.000000
-1.151578,5.655097,4.961404,0.884942,0.025395,-0.465009,3.000000
0.405776,5.308943,6.668039,0.536195,0.035385,-0.843352,3.000000
-1.127580,5.190458,4.978978,0.880850,0.026731,-0.472640,3.000000
0.658201,6.701184,6.859511,0.466126,0.031795,-0.884147,3.000000
-1.198340,6.577001,4.924522,0.892826,0.024566,-0.449732,3.000000
1.127051,9.903765,6.169587,0.358816,-0.592077,-0.721593,3.000000
-0.458458,9.898522,4.569801,0.726832,-0.590766,-0.350300,3.000000
0.733220,7.169340,6.911615,0.445051,0.029579,-0.895016,3.000000
-1.221587,7.040967,4.904668,0.896734,0.023398,-0.441951,3.000000
0.574084,6.236693,6.799296,0.489475,0.033094,-0.871389,3.000000
-1.174993,6.114752,4.943234,0.888892,0.025305,-0.457417,3.000000
5.456112,2.937474,-0.651691,-0.620058,0.064012,0.781940,3.000000
6.160427,2.530323,0.076463,-0.744786,0.128038,0.654905,2.000000
5.334761,3.779376,-0.797015,-0.579720,0.035031,0.814062,3.000000
6.551330,3.777818,0.431548,-0.819876,0.035421,0.571445,3.000000
5.476487,3.283045,-0.658955,-0.620722,0.044290,0.782779,3.000000
6.420079,3.279276,0.295793,-0.790206,0.045233,0.611170,3.000000
6.122736,1.667440,5.713335,-0.771992,0.107868,-0.626412,2.000000
6.106331,2.637785,5.825790,-0.750226,0.090411,-0.654971,2.000000
6.651259,2.803068,5.106589,-0.855507,0.061230,-0.514158,2.000000
5.563603,3.891344,6.421646,-0.611108,0.045314,-0.790250,3.000000
6.735630,3.786463,5.053343,-0.863753,0.033259,-0.502817,3.000000
5.832208,3.241036,6.162515,-0.681492,0.054792,-0.729772,3.000000
6.707423,3.296794,5.062711,-0.858629,0.040853,-0.510967,3.000000
6.110972,2.588293,5.815918,-0.753536,0.026235,-0.656883,2.000000
5.154720,4.722460,-0.959693,-0.526639,0.028907,0.849597,3.000000
6.706582,4.721918,0.603910,-0.853648,0.029043,0.520039,3.000000
5.022241,5.653587,-1.071907,-0.486875,0.025772,0.873091,3.000000
6.815335,5.654211,0.732936,-0.876323,0.025617,0.481042,3.000000
5.082502,5.189849,-1.021199,-0.505116,0.026884,0.862633,3.000000
6.766099,5.189562,0.674147,-0.866212,0.026955,0.498948,3.000000
4.914654,6.578611,-1.159480,-0.453953,0.024163,0.890698,3.000000
6.902284,6.578080,0.841491,-0.893784,0.024296,0.447839,3.000000
6.432401,8.556976,0.539909,-0.847133,-0.233720,0.477222,3.000000
6.169084,9.911428,1.230876,-0.729106,-0.593980,0.339989,3.000000
4.866152,7.042861,-1.197585,-0.439107,0.022924,0.898142,3.000000
6.938483,7.042469,0.887029,-0.900778,0.023023,0.433669,3.000000
4.969961,6.114195,-1.115705,-0.470749,0.025444,0.881900,3.000000
6.859144,6.114482,0.786308,-0.885136,0.025372,0.464640,3.000000
5.369093,4.838228,6.601685,-0.557636,0.038240,-0.829205,3.000000
6.790332,4.724845,5.018884,-0.873571,0.028311,-0.485872,3.000000
5.199510,5.775872,6.742168,-0.510432,0.033476,-0.859266,3.000000
6.843492,5.655212,4.977108,-0.883014,0.025366,-0.468660,3.000000
5.281495,5.308523,6.676054,-0.533328,0.035490,-0.845164,3.000000
6.817188,5.191031,4.998631,-0.878360,0.026588,-0.477260,3.000000
5.030702,6.701344,6.865823,-0.463435,0.031755,-0.885562,3.000000
6.895186,6.578053,4.931342,-0.892099,0.024303,-0.451185,3.000000
4.566193,9.905429,6.171886,-0.357117,-0.592486,-0.722100,3.000000
6.158923,9.899809,4.567080,-0.726962,-0.591081,-0.349500,3.000000
4.959004,7.170313,6.915996,-0.443113,0.029336,-0.895986,3.000000
6.920837,7.042427,4.906692,-0.896593,0.023033,-0.442256,3.000000
5.112933,6.235789,6.806889,-0.486390,0.033320,-0.873106,3.000000
6.869389,6.115210,4.954600,-0.887569,0.025190,-0.459985,3.000000
2.800846,0.021122,-1.001079,-0.000000,0.318825,0.947814,2.000000
2.924554,1.987630,-1.334803,-0.000000,0.023674,0.999720,2.000000
2.779578,1.070066,-1.251154,-0.000000,0.138241,0.990399,2.000000
2.768866,-0.511295,0.440489,0.000000,0.858402,0.512978,2.000000
2.830499,3.021267,-1.582534,-0.000000,0.014668,0.999892,3.000000
2.816526,3.860832,-1.594849,-0.000000,0.014667,0.999892,3.000000
2.822565,3.401538,-1.588112,-0.000000,0.014667,0.999892,3.000000
2.931363,2.367938,-1.345794,-0.000000,0.041671,0.999131,2.000000
2.800846,-0.067925,6.734521,-0.000000,0.341086,-0.940032,2.000000
2.782675,-1.429674,5.389535,-0.000000,0.851249,-0.524763,2.000000
2.876346,2.020312,7.361210,-0.000000,0.030256,-0.999542,2.000000
2.916882,0.550729,6.933015,-0.000000,0.264846,-0.964291,2.000000
2.815415,2.968700,7.375325,-0.000000,0.008053,-0.999968,3.000000
2.809065,3.887289,7.382724,-0.000000,0.008053,-0.999968,3.000000
2.812240,3.427990,7.379025,-0.000000,0.008054,-0.999968,3.000000
2.818590,2.509406,7.371627,-0.000000,0.008053,-0.999968,2.000000
2.893911,4.779420,-1.608324,-0.000000,0.014667,0.999892,3.000000
2.902300,5.698009,-1.621798,-0.000000,0.014667,0.999892,3.000000
2.898224,5.238715,-1.615061,-0.000000,0.014667,0.999892,3.000000
2.910109,6.616592,-1.635273,-0.000000,0.014668,0.999892,3.000000
2.805902,11.697223,2.142221,0.000223,-0.995099,0.098879,3.000000
2.893508,7.845375,-1.627365,-0.000000,-0.079508,0.996834,3.000000
2.913507,7.075878,-1.642011,-0.000000,0.014670,0.999892,3.000000
2.906367,6.157302,-1.628536,-0.000000,0.014667,0.999892,3.000000
2.802753,4.805868,7.390121,-0.000000,0.008055,-0.999968,3.000000
2.796700,5.724465,7.397519,-0.000000,0.008053,-0.999968,3.000000
2.799699,5.265175,7.393820,-0.000000,0.008052,-0.999968,3.000000
2.790723,6.643053,7.404917,-0.000000,0.008053,-0.999968,3.000000
2.806695,11.697264,3.618134,0.000196,-0.995133,-0.098538,3.000000
2.892558,7.869970,7.389054,-0.000000,-0.085668,-0.996324,3.000000
2.787733,7.102443,7.408613,-0.000000,0.008029,-0.999968,3.000000
2.793711,6.183755,7.401217,-0.000000,0.008054,-0.999968,3.000000
0.447370,4.256020,-0.876037,0.555003,0.030694,0.831282,3.000000
-0.937221,4.252560,0.527053,0.838784,0.031559,0.543549,3.000000
5.234315,4.256468,-0.889202,-0.550284,0.030582,0.834417,3.000000
6.639787,4.254822,0.528641,-0.839345,0.030993,0.542714,3.000000
0.220565,4.374789,6.506574,0.587229,0.039276,-0.808467,3.000000
-1.076209,4.262033,5.014431,0.871860,0.029190,-0.488884,3.000000
5.464832,4.370496,6.516479,-0.583990,0.040349,-0.810757,3.000000
6.763151,4.259605,5.037656,-0.868705,0.029797,-0.494433,3.000000
-1.033767,0.029374,2.831361,0.948505,0.316762,0.000000,2.000000
-1.330677,2.125293,2.097507,0.983541,0.027532,0.178576,2.000000
-1.280677,1.070272,2.812288,0.990406,0.138190,0.000000,2.000000
-1.613962,3.148462,2.872827,0.999891,0.014761,-0.000000,3.000000
-0.807476,0.602146,2.947310,0.808472,0.588535,-0.000000,2.000000
-1.626734,4.013548,2.854286,0.999891,0.014763,-0.000000,3.000000
-1.619953,3.554250,2.863399,0.999891,0.014764,-0.000000,3.000000
-1.309552,2.475173,1.878407,0.972056,0.054123,0.228426,2.000000
-1.638037,4.779038,2.837245,0.999891,0.014763,0.000000,3.000000
-1.653860,5.850725,2.832760,0.999891,0.014763,-0.000000,3.000000
-1.647079,5.391427,2.837239,0.999891,0.014764,-0.000000,3.000000
-1.665162,6.616210,2.820742,0.999891,0.014764,0.000000,3.000000
-1.658072,7.837966,2.837127,0.996981,-0.077652,-0.000000,3.000000
2.029227,11.689061,2.793473,0.098951,-0.995092,-0.000000,3.000000
-1.671942,7.075546,2.817236,0.999891,0.014753,0.000000,3.000000
-1.658381,6.156920,2.824607,0.999891,0.014763,0.000000,3.000000
6.732859,0.025692,2.831361,-0.948197,0.317682,-0.000000,2.000000
7.033315,2.126074,2.112705,-0.984229,0.027337,0.174776,2.000000
6.981172,1.070115,2.812288,-0.990400,0.138229,-0.000000,2.000000
7.314262,3.144051,2.871057,-0.999893,0.014630,-0.000000,3.000000
5.924051,0.006010,2.330726,-0.680866,0.720471,0.131692,2.000000
7.324753,3.860982,2.846908,-0.999893,0.014630,-0.000000,3.000000
7.318031,3.401679,2.853142,-0.999893,0.014632,-0.000000,3.000000
7.012638,2.466871,1.893082,-0.972888,0.054841,0.224680,2.000000
7.338194,4.779565,2.836772,-0.999893,0.014631,-0.000000,3.000000
7.353875,5.851248,2.832428,-0.999893,0.014632,-0.000000,3.000000
7.344914,5.238864,2.832410,-0.999893,0.014630,-0.000000,3.000000
7.367316,6.769836,2.824215,-0.999893,0.014632,-0.000000,3.000000
7.357842,7.838380,2.836845,-0.996973,-0.077744,-0.000000,3.000000
3.585564,11.697557,2.925058,-0.098198,-0.995167,-0.000415,3.000000
7.374037,7.229130,2.820338,-0.999893,0.014632,-0.000000,3.000000
7.360595,6.310550,2.828326,-0.999893,0.014630,-0.000000,3.000000
-1.633516,4.472843,2.847588,0.999891,0.014763,-0.000000,3.000000
7.331473,4.320268,2.841633,-0.999893,0.014632,-0.000000,3.000000
2.829819,-2.790336,2.860544,-0.000000,1.000000,-0.000000,2.000000
2.762151,11.724915,2.968248,0.000159,-1.000000,-0.000149,3.000000
2.889131,4.320122,-1.601586,-0.000000,0.014668,0.999892,3.000000
2.805890,4.346587,7.386422,-0.000000,0.008052,-0.999968,3.000000
-0.035825,2.528588,-0.356208,0.674648,0.126827,0.727163,2.000000
-0.711563,2.932806,0.319556,0.789095,0.068675,0.610420,3.000000
0.384558,3.845333,-0.812470,0.554367,0.056817,0.830330,3.000000
-0.875652,3.848301,0.464651,0.837881,0.056075,0.542965,3.000000
0.287600,3.307285,-0.707343,0.583663,0.076505,0.808384,3.000000
-0.778275,3.312070,0.374849,0.817635,0.075309,0.570790,3.000000
-0.323210,1.935905,5.874632,0.756674,0.082256,-0.648598,2.000000
-0.056091,3.073332,6.226666,0.682739,0.020170,-0.730384,3.000000
-1.015473,2.969074,5.018077,0.861471,0.059608,-0.504295,3.000000
0.088349,3.841035,6.382349,0.642624,0.019616,-0.765930,3.000000
-1.026876,3.923279,5.079360,0.871624,0.037330,-0.488752,3.000000
0.094758,3.534831,6.379883,0.642624,0.019619,-0.765930,3.000000
-0.998580,3.429624,5.090558,0.866717,0.045920,-0.496682,3.000000
-0.346257,2.457115,5.887847,0.759077,0.021126,-0.650658,2.000000
0.537313,4.816630,-0.957760,0.508438,0.043639,0.859992,3.000000
-1.009695,4.818579,0.604306,0.864992,0.043152,0.499927,3.000000
0.650358,5.765572,-1.060002,0.473707,0.036051,0.879944,3.000000
-1.107544,5.765934,0.712766,0.883952,0.035960,0.466192,3.000000
0.598750,5.293756,-1.013422,0.489726,0.039181,0.870995,3.000000
-1.061631,5.295634,0.660852,0.875137,0.038712,0.482324,3.000000
0.752917,6.694580,-1.146129,0.442125,0.033446,0.896330,3.000000
-1.190117,6.696386,0.810607,0.899476,0.032994,0.435722,3.000000
1.175256,9.911266,-0.426364,0.346179,-0.593946,0.726215,3.000000
0.502594,8.548928,-0.698930,0.478923,-0.231710,0.846725,3.000000
0.790461,7.166594,-1.179527,0.430104,0.030266,0.902272,3.000000
-1.220777,7.168272,0.843362,0.904791,0.029846,0.424809,3.000000
0.704339,6.225851,-1.105281,0.457158,0.035804,0.888664,3.000000
-1.152154,6.226332,0.766796,0.892503,0.035684,0.449627,3.000000
0.289340,4.763417,6.570452,0.587580,0.018668,-0.808951,3.000000
-1.080361,4.857193,5.045743,0.880670,0.033498,-0.472544,3.000000
0.475111,5.686148,6.723976,0.536448,0.017632,-0.843749,3.000000
-1.129777,5.789450,5.011405,0.888774,0.030081,-0.457357,3.000000
0.386406,5.225136,6.652671,0.560953,0.018062,-0.827651,3.000000
-1.105371,5.324569,5.029125,0.884789,0.031478,-0.464928,3.000000
0.643654,6.607614,6.849016,0.489673,0.016913,-0.871742,3.000000
-1.177951,6.711174,4.973546,0.896595,0.029297,-0.441882,3.000000
-0.729270,8.556851,5.224007,0.846955,-0.233713,-0.477542,3.000000
0.502286,8.536716,6.462288,0.479110,-0.228663,-0.847447,3.000000
0.727876,7.068473,6.906279,0.466298,0.016522,-0.884474,3.000000
-1.201927,7.174963,4.952891,0.900478,0.028173,-0.433989,3.000000
0.556799,6.146825,6.786672,0.513706,0.017286,-0.857792,3.000000
-1.153898,6.249035,4.992852,0.892693,0.030008,-0.449665,3.000000
5.716102,2.522130,-0.375296,-0.669667,0.127825,0.731578,2.000000
6.412458,2.934948,0.316686,-0.789243,0.066906,0.610425,3.000000
5.297231,3.848356,-0.826508,-0.549676,0.056061,0.833495,3.000000
6.578367,3.850124,0.465964,-0.838449,0.055619,0.542135,3.000000
5.391953,3.312032,-0.724567,-0.578429,0.075318,0.812248,3.000000
6.480546,3.314695,0.374656,-0.818101,0.074652,0.570208,3.000000
6.017782,1.940755,5.879675,-0.755722,0.081043,-0.649858,2.000000
5.752732,3.072833,6.228080,-0.682376,0.020294,-0.730719,3.000000
6.700885,2.973561,5.043435,-0.857937,0.057252,-0.510555,3.000000
5.610266,3.840541,6.382003,-0.642719,0.019740,-0.765848,3.000000
6.713060,3.918161,5.102039,-0.868443,0.038609,-0.494284,3.000000
5.603800,3.534345,6.379537,-0.642719,0.019740,-0.765848,3.000000
6.683841,3.429094,5.114116,-0.863314,0.046053,-0.502562,3.000000
6.040343,2.456593,5.892639,-0.758045,0.021256,-0.651856,2.000000
5.148801,4.818374,-0.967282,-0.504827,0.043203,0.862139,3.000000
6.713053,4.819571,0.607966,-0.865729,0.042904,0.498670,3.000000
5.037755,5.765858,-1.067384,-0.470597,0.035979,0.881614,3.000000
6.811499,5.766105,0.718524,-0.884850,0.035918,0.464490,3.000000
5.089588,5.295723,-1.021137,-0.486672,0.038689,0.872728,3.000000
6.765321,5.296721,0.665632,-0.875963,0.038440,0.480844,3.000000
4.935052,6.695482,-1.153040,-0.438980,0.033220,0.897883,3.000000
6.894655,6.696874,0.818266,-0.900530,0.032872,0.433549,3.000000
4.515167,9.914106,-0.429205,-0.343688,-0.594649,0.726823,3.000000
5.196297,8.552404,-0.699165,-0.478675,-0.232561,0.846632,3.000000
4.898824,7.167696,-1.185537,-0.427288,0.029990,0.903618,3.000000
6.925546,7.168876,0.851948,-0.905908,0.029695,0.422433,3.000000
4.982755,6.225627,-1.112876,-0.453794,0.035860,0.890385,3.000000
6.856395,6.226238,0.773483,-0.893478,0.035708,0.447686,3.000000
5.396228,4.762741,6.580209,-0.584362,0.018837,-0.811274,3.000000
6.769373,4.856244,5.065468,-0.878170,0.033736,-0.477157,3.000000
5.212349,5.684872,6.731584,-0.533578,0.017951,-0.845560,3.000000
6.823728,5.786799,5.022736,-0.887431,0.030744,-0.459914,3.000000
5.300228,5.223941,6.661158,-0.557950,0.018360,-0.829672,3.000000
6.796749,5.322612,5.044830,-0.882847,0.031967,-0.468571,3.000000
5.043570,6.606490,6.856251,-0.486588,0.017194,-0.873462,3.000000
6.877007,6.709396,4.975678,-0.896434,0.029742,-0.442178,3.000000
6.429252,8.556923,5.224149,-0.846941,-0.233724,-0.477561,3.000000
5.196941,8.540164,6.462109,-0.478955,-0.229507,-0.847307,3.000000
4.961220,7.067382,6.912217,-0.463603,0.016794,-0.885884,3.000000
6.903450,7.173578,4.950114,-0.900886,0.028520,-0.433117,3.000000
5.130184,6.145627,6.794335,-0.510639,0.017586,-0.859615,3.000000
6.850417,6.246703,4.999701,-0.891945,0.030591,-0.451107,3.000000
2.870504,0.107878,-1.030262,-0.000000,0.318825,0.947814,2.000000
2.779565,2.140728,-1.338428,-0.000000,0.023674,0.999720,2.000000
2.899577,1.223164,-1.272523,-0.000000,0.138241,0.990399,2.000000
2.802970,-0.525947,0.462152,0.014276,0.850438,0.525882,2.000000
2.860155,3.134852,-1.584200,-0.000000,0.014668,0.999892,3.000000
2.877930,4.013930,-1.597095,-0.000000,0.014667,0.999892,3.000000
2.869834,3.554636,-1.590358,-0.000000,0.014667,0.999892,3.000000
2.763253,2.529865,-1.351986,0.003144,0.038332,0.999260,2.000000
2.870504,0.018831,6.766000,-0.000000,0.341086,-0.940032,2.000000
2.866678,-1.472096,5.320720,-0.000000,0.851249,-0.524762,2.000000
2.832023,2.143904,7.364951,-0.000000,0.030256,-0.999542,2.000000
2.800647,0.690910,6.971517,-0.000000,0.264846,-0.964291,2.000000
2.879444,3.121799,7.376558,-0.000000,0.008053,-0.999968,3.000000
2.885968,4.040387,7.383956,-0.000000,0.008053,-0.999968,3.000000
2.882706,3.581089,7.380258,-0.000000,0.008054,-0.999968,3.000000
2.876183,2.662504,7.372859,-0.000000,0.008053,-0.999968,2.000000
2.811426,4.932518,-1.610570,-0.000000,0.014667,0.999892,3.000000
2.802331,5.851107,-1.624044,-0.000000,0.014667,0.999892,3.000000
2.806645,5.391813,-1.617307,-0.000000,0.014667,0.999892,3.000000
2.794184,6.769691,-1.637519,-0.000000,0.014668,0.999892,3.000000
2.937312,11.688941,2.058783,-0.000000,-0.995065,0.099230,3.000000
2.786952,7.931961,-1.620458,-0.000000,-0.079508,0.996834,3.000000
2.790440,7.228976,-1.644257,-0.000000,0.014670,0.999892,3.000000
2.798252,6.310400,-1.630781,-0.000000,0.014667,0.999892,3.000000
2.892520,4.958966,7.391354,-0.000000,0.008055,-0.999968,3.000000
2.899146,5.877563,7.398752,-0.000000,0.008053,-0.999968,3.000000
2.895837,5.418273,7.395053,-0.000000,0.008052,-0.999968,3.000000
2.905747,6.796151,7.406150,-0.000000,0.008053,-0.999968,3.000000
2.936768,11.688985,3.701833,0.000000,-0.995103,-0.098842,3.000000
2.787836,7.956513,7.381613,-0.000000,-0.085668,-0.996324,3.000000
2.909048,7.255541,7.409842,-0.000000,0.008029,-0.999968,3.000000
2.902447,6.336853,7.402451,-0.000000,0.008054,-0.999968,3.000000
0.464639,4.341750,-0.891177,0.530272,0.047536,0.846494,3.000000
-0.947311,4.344766,0.536336,0.852432,0.046782,0.520741,3.000000
5.219956,4.344642,-0.902413,-0.526282,0.046813,0.849021,3.000000
6.650375,4.346485,0.538871,-0.853091,0.046352,0.519700,3.000000
0.195451,4.302011,6.485087,0.613446,0.019196,-0.789504,3.000000
-1.054197,4.394371,5.062798,0.876287,0.034380,-0.480561,3.000000
5.495578,4.301655,6.491015,-0.611622,0.019285,-0.790915,3.000000
6.741513,4.390970,5.084823,-0.873379,0.035231,-0.485765,3.000000
-1.062740,0.116130,2.904025,0.948505,0.316762,-0.000000,2.000000
-1.304071,1.249309,3.002645,0.978736,0.205025,-0.006373,2.000000
-1.303396,1.251017,3.003924,0.991685,0.128049,-0.012822,2.000000
-1.612492,3.048861,2.898608,0.999891,0.014761,-0.000000,3.000000
-0.291062,0.084690,2.311851,0.697533,0.703393,0.136696,2.000000
-1.624475,3.860450,2.912985,0.999891,0.014763,-0.000000,3.000000
-1.617693,3.401152,2.907127,0.999891,0.014764,-0.000000,3.000000
-1.356926,2.134356,2.238314,0.978764,0.102185,0.177708,2.000000
-1.640297,4.932137,2.917387,0.999891,0.014763,-0.000000,3.000000
-1.651599,5.697627,2.930828,0.999891,0.014763,-0.000000,3.000000
-1.644818,5.238328,2.926785,0.999891,0.014764,-0.000000,3.000000
-1.667422,6.769309,2.934897,0.999891,0.014764,-0.000000,3.000000
-1.651327,7.924571,2.942631,0.996981,-0.077652,-0.000000,3.000000
2.113834,11.697405,2.924918,0.098332,-0.995154,-0.000394,3.000000
-1.674201,7.228644,2.938780,0.999891,0.014753,-0.000000,3.000000
-1.660641,6.310018,2.930812,0.999891,0.014763,-0.000000,3.000000
6.761925,0.112448,2.904025,-0.948197,0.317682,-0.000000,2.000000
7.005281,1.257280,3.010548,-0.979137,0.203032,-0.008349,2.000000
7.004287,1.257058,3.011745,-0.991852,0.126538,-0.014777,2.000000
7.312733,3.039512,2.898026,-0.999893,0.014630,-0.000000,3.000000
6.447443,0.509412,2.946765,-0.793547,0.608509,-0.000000,2.000000
7.326993,4.014080,2.906219,-0.999893,0.014630,-0.000000,3.000000
7.320272,3.554778,2.897740,-0.999893,0.014632,-0.000000,3.000000
7.058236,2.124831,2.253669,-0.979275,0.103826,0.173897,2.000000
7.340434,4.932663,2.917820,-0.999893,0.014631,-0.000000,3.000000
7.351634,5.698150,2.931209,-0.999893,0.014632,-0.000000,3.000000
7.347154,5.391962,2.922737,-0.999893,0.014630,-0.000000,3.000000
7.365075,6.616738,2.939051,-0.999893,0.014632,-0.000000,3.000000
7.351085,7.925030,2.942753,-0.996973,-0.077744,0.000000,3.000000
3.670248,11.689219,2.793270,-0.098852,-0.995102,-0.000000,3.000000
7.371797,7.076032,2.942465,-0.999893,0.014632,-0.000000,3.000000
7.358356,6.157452,2.935265,-0.999893,0.014630,-0.000000,3.000000
-1.631255,4.319745,2.917667,0.999891,0.014763,-0.000000,3.000000
7.333714,4.473366,2.912510,-0.999893,0.014632,-0.000000,3.000000
2.870411,-2.790336,2.901729,-0.000000,1.000000,-0.000000,2.000000
2.936139,11.724968,2.794268,0.000157,-1.000000,-0.000146,3.000000
2.816530,4.473220,-1.603832,-0.000000,0.014668,0.999892,3.000000
2.889230,4.499685,7.387655,-0.000000,0.008052,-0.999968,3.000000
-0.381021,-0.946481,0.577248,0.460663,0.746403,0.480284,2.000000
1.107622,-1.716101,0.891010,0.121786,0.895913,0.427209,2.000000
-0.381521,-0.945674,4.985004,0.460788,0.746205,-0.480471,2.000000
1.107170,-1.715839,4.670987,0.121899,0.895850,-0.427309,2.000000
-0.144581,5.238110,0.145408,0.403465,-0.703081,0.585571,2.000000
-0.144575,4.862527,-0.230194,0.403464,-0.585601,0.703057,2.000000
-0.144550,5.238015,5.416134,0.403458,-0.703061,-0.585600,2.000000
-0.144557,4.862404,5.791728,0.403459,-0.585572,-0.703083,2.000000
2.676564,0.343446,-1.154761,-0.140522,0.425629,0.893920,2.000000
2.668398,-1.709335,0.895917,-0.138109,0.894164,0.425907,2.000000
2.675357,0.346825,6.718050,-0.140193,0.424789,-0.894372,2.000000
2.668884,-1.709100,4.666000,-0.138231,0.894107,-0.425987,2.000000
2.676678,4.111310,-1.154473,-0.140550,-0.425765,0.893851,2.000000
4.033621,4.836762,-0.130232,-0.452733,-0.579099,0.677995,2.000000
2.675970,4.111073,6.716127,-0.140346,-0.425710,-0.893909,2.000000
4.032861,4.837889,5.691239,-0.452527,-0.579383,-0.677890,2.000000
1.800801,0.309546,-1.195214,0.000818,0.430281,0.902695,2.000000
1.800796,-1.748563,0.862601,0.000819,0.902632,0.430412,2.000000
1.800775,0.313019,6.758339,0.000824,0.429419,-0.903105,2.000000
1.800786,-1.748350,4.699446,0.000822,0.902581,-0.430520,2.000000
1.800803,4.145223,-1.194938,0.000817,-0.430420,0.902628,2.000000
1.914113,6.176492,0.807246,0.001054,-0.902850,0.429955,2.000000
1.800796,4.144924,6.756493,0.000819,-0.430351,-0.902662,2.000000
1.914108,6.176312,4.754535,0.001055,-0.902808,-0.430042,2.000000
-2.204995,2.291348,0.680157,0.894806,-0.000000,0.446455,2.000000
1.267489,2.180699,-1.593804,0.058057,0.000000,0.998313,2.000000
5.957829,2.291421,0.834608,-0.913078,-0.000000,0.407784,2.000000
2.464768,2.180609,-1.591758,-0.067099,-0.000000,0.997746,2.000000
-2.203782,2.267963,4.885264,0.884982,-0.015263,-0.465376,2.000000
1.267503,2.180709,7.155221,0.058053,-0.000000,-0.998313,2.000000
5.963143,2.237287,4.717208,-0.907175,-0.010301,-0.420627,2.000000
2.464619,2.180615,7.153199,-0.067008,-0.000000,-0.997752,2.000000
-2.204169,0.118541,2.749875,0.883166,0.469061,-0.000013,2.000000
1.267486,-2.147413,2.734339,0.058057,0.998313,-0.000000,2.000000
-2.204962,4.327718,2.716469,0.894798,-0.446472,-0.000000,2.000000
1.267503,6.601611,2.734309,0.058053,-0.998314,-0.000000,2.000000
5.963023,0.282751,2.716434,-0.913274,0.407346,-0.000000,2.000000
2.379605,-2.151192,2.811851,-0.065911,0.997826,-0.000000,2.000000
5.935049,4.219260,2.716397,-0.907848,-0.419299,-0.000000,2.000000
-2.685883,2.561285,2.727177,0.997898,-0.064808,-0.000001,2.000000
6.361266,2.336411,2.714410,-0.999937,-0.011249,0.000495,2.000000
1.801952,-2.165276,2.734271,0.000530,1.000000,-0.000000,2.000000
1.801952,6.619472,2.827212,0.000530,-1.000000,-0.000000,2.000000
1.916213,2.180701,-1.611726,0.000529,-0.000000,1.000000,2.000000
1.916208,2.180709,7.173142,0.000530,-0.000000,-1.000000,2.000000
1.107753,0.337942,-1.162764,0.121753,0.427080,0.895979,2.000000
-0.381046,0.023843,-0.392999,0.460669,0.480236,0.746430,2.000000
1.108262,0.341361,6.725934,0.121626,0.426231,-0.896401,2.000000
-0.381719,0.024487,5.954541,0.460837,0.480078,-0.746428,2.000000
1.107653,4.116817,-1.162479,0.121778,-0.427217,0.895911,2.000000
1.107744,6.170460,0.891333,0.121756,-0.895953,0.427135,2.000000
1.107742,4.116527,6.724043,0.121756,-0.427149,-0.895946,2.000000
1.107668,6.170274,4.670451,0.121775,-0.895908,-0.427224,2.000000
4.017267,-0.688460,0.161899,-0.448050,0.679150,0.581384,2.000000
4.017437,-0.361643,-0.161170,-0.447722,0.573870,0.685724,2.000000
4.017185,-0.688709,5.399500,-0.447987,0.679215,-0.581355,2.000000
4.017421,-0.362293,5.722228,-0.447702,0.574035,-0.685600,2.000000
4.033720,5.154735,0.190075,-0.452525,-0.682166,0.574344,2.000000
2.681977,6.161632,0.897206,-0.142107,-0.893688,0.425592,2.000000
4.032960,5.156010,5.370551,-0.452293,-0.682489,-0.574144,2.000000
2.682060,6.161449,4.664564,-0.142128,-0.893644,-0.425676,2.000000
1.914108,0.253877,-1.168810,0.001055,0.429894,0.902879,2.000000
1.914108,-1.722146,0.806923,0.001055,0.902815,0.430028,2.000000
1.914066,0.257374,6.732014,0.001065,0.429025,-0.903292,2.000000
1.914050,-1.721963,4.755048,0.001069,0.902773,-0.430116,2.000000
1.914110,4.200893,-1.168524,0.001054,-0.430033,0.902812,2.000000
1.800794,6.202909,0.862936,0.000820,-0.902668,0.430337,2.000000
1.914108,4.200602,6.730080,0.001055,-0.429966,-0.902845,2.000000
1.800796,6.202731,4.698856,0.000819,-0.902625,-0.430427,2.000000
-2.203989,2.267686,0.676562,0.885033,-0.015195,0.465280,2.000000
1.362540,2.258010,-1.599331,0.058057,-0.000000,0.998313,2.000000
5.962163,2.236948,0.842623,-0.906989,-0.010218,0.421032,2.000000
2.382873,2.258131,-1.597265,-0.067099,-0.000000,0.997746,2.000000
-2.204967,2.291347,4.881319,0.894799,-0.000000,-0.446469,2.000000
1.362554,2.258007,7.160749,0.058053,-0.000000,-0.998314,2.000000
5.959031,2.291417,4.724738,-0.913310,-0.000000,-0.407266,2.000000
2.382617,2.258126,7.158706,-0.067008,-0.000000,-0.997752,2.000000
-2.166109,0.046883,2.834315,0.883172,0.469049,-0.000000,2.000000
1.362537,-2.152941,2.811728,0.058057,0.998313,-0.000000,2.000000
-2.235423,4.266668,2.811656,0.894804,-0.446459,-0.000010,2.000000
1.362554,6.607139,2.811619,0.058053,-0.998313,-0.000000,2.000000
5.989263,0.341443,2.810032,-0.913015,0.407926,0.000445,2.000000
2.462982,-2.145684,2.734250,-0.065911,0.997826,-0.000000,2.000000
5.962239,4.160522,2.809973,-0.907586,-0.419866,0.000441,2.000000
-2.693532,2.443519,2.844969,0.997898,-0.064812,0.000002,2.000000
6.362777,2.207781,2.843071,-0.999937,-0.011249,0.000496,2.000000
1.916208,-2.165336,2.827255,0.000530,1.000000,-0.000000,2.000000
1.916208,6.619533,2.734311,0.000530,-1.000000,-0.000000,2.000000
1.801958,2.273603,-1.611666,0.000529,-0.000000,1.000000,2.000000
1.801952,2.273597,7.173082,0.000530,-0.000000,-1.000000,2.000000
-1.841481,1.708317,0.473131,0.847729,0.530429,0.000000,3.000000
-0.748344,0.616566,0.473433,0.529340,0.848410,-0.000000,3.000000
-1.842547,6.472156,0.473239,0.848139,-0.529774,-0.000000,3.000000
-0.751452,7.563718,0.473439,0.530150,-0.847904,-0.000000,3.000000
5.102679,1.710121,0.473138,-0.847971,0.530042,-0.000000,3.000000
4.274596,0.849536,-0.063578,-0.607470,0.779599,0.152337,3.000000
5.103483,6.472306,0.473246,-0.848116,-0.529811,-0.000000,3.000000
4.275373,7.333441,-0.063035,-0.607640,-0.779490,0.152214,3.000000
1.614746,-0.225416,0.478559,-0.000000,1.000000,-0.000000,3.000000
1.580051,3.440382,-3.546478,-0.000000,0.097413,0.995244,3.000000
1.571484,1.464384,3.821761,-0.000000,0.589279,-0.807930,3.000000
1.582407,-0.033716,1.351750,-0.000000,0.998385,-0.056802,3.000000
1.571690,-0.031570,1.331452,-0.000000,0.992203,-0.124633,3.000000
1.601214,0.000719,1.921995,-0.000000,0.997432,-0.071613,3.000000
1.611759,0.114987,2.947453,-0.000000,0.985224,-0.171273,3.000000
1.611703,0.035135,2.339675,-0.000000,0.995049,-0.099383,3.000000
1.615272,8.408746,0.517385,-0.000000,-1.000000,-0.000000,3.000000
1.615547,4.685499,-3.552025,-0.000068,-0.097030,0.995281,3.000000
1.620043,6.660420,3.864145,-0.001197,-0.586471,-0.809969,3.000000
1.582407,8.217131,1.351428,-0.000000,-0.998390,-0.056721,3.000000
1.571799,8.215872,1.322424,-0.000000,-0.992485,-0.122364,3.000000
1.601214,8.182755,1.921668,-0.000000,-0.997438,-0.071531,3.000000
1.611759,8.068285,2.948493,-0.000000,-0.985178,-0.171532,3.000000
1.611703,8.148358,2.339467,-0.000000,-0.995054,-0.099331,3.000000
-2.686502,4.075666,0.478859,1.000000,-0.000000,-0.000000,3.000000
0.979941,4.041028,-3.546537,0.097268,0.000000,0.995258,3.000000
-0.981853,4.032494,3.833120,0.585575,-0.000000,-0.810618,3.000000
-2.501266,4.049674,1.245903,0.998437,-0.000000,-0.055890,3.000000
-2.504448,4.047176,1.237071,0.992427,-0.000881,-0.122831,3.000000
5.947553,4.106920,0.478533,-1.000000,-0.000000,-0.000000,3.000000
2.224257,4.076541,-3.552029,-0.097016,-0.000009,0.995283,3.000000
4.198934,4.074365,3.863999,-0.586399,0.000536,-0.810022,3.000000
5.761712,4.049674,1.249293,-0.998389,-0.000000,-0.056738,3.000000
5.765617,4.042201,1.233207,-0.992536,0.000416,-0.121953,3.000000
-2.460867,4.062856,1.926467,0.997352,-0.000000,-0.072731,3.000000
-2.356263,4.100324,2.889658,0.985219,-0.000000,-0.171301,3.000000
-2.425771,4.073072,2.345791,0.994895,-0.000000,-0.100912,3.000000
5.721533,4.062856,1.921680,-0.997438,-0.000000,-0.071535,3.000000
5.616711,4.100324,2.891643,-0.985132,-0.000000,-0.171797,3.000000
5.686758,4.073072,2.342473,-0.994979,-0.000000,-0.100083,3.000000
-2.484103,4.055505,1.552510,0.998437,-0.000000,-0.055892,3.000000
5.744282,4.055505,1.555961,-0.998388,-0.000000,-0.056755,3.000000
1.588040,-0.016234,1.658700,-0.000000,0.998380,-0.056889,3.000000
1.588040,8.199692,1.658214,-0.000000,-0.998387,-0.056768,3.000000
1.580589,4.041678,-3.576343,-0.000070,-0.000059,1.000000,3.000000
1.638906,4.083128,6.320272,-0.000000,-0.000000,-1.000000,3.000000
-1.610989,1.444736,-0.060347,0.779291,0.608053,0.151582,3.000000
-1.014190,0.848202,-0.059713,0.607538,0.779708,0.151500,3.000000
-1.611844,6.736012,-0.062068,0.779620,-0.607514,0.152049,3.000000
-1.016905,7.331577,-0.061841,0.608278,-0.779026,0.152045,3.000000
4.871933,1.446708,-0.063555,-0.779436,0.607677,0.152342,3.000000
4.011465,0.619087,0.473102,-0.529905,0.848057,-0.000000,3.000000
4.872472,6.736362,-0.062808,-0.779525,-0.607601,0.152191,3.000000
4.012266,7.563872,0.473108,-0.530092,-0.847940,-0.000000,3.000000
1.645360,-0.225416,0.517191,-0.000000,1.000000,-0.000000,3.000000
1.646757,3.497572,-3.552042,-0.000318,0.097042,0.995280,3.000000
1.654585,1.520872,3.862598,-0.002273,0.586939,-0.809628,3.000000
1.672421,-0.039530,1.249550,-0.000000,0.998385,-0.056802,3.000000
1.686104,-0.043494,1.234499,-0.001987,0.992498,-0.122243,3.000000
1.666559,0.008057,2.024195,-0.000000,0.997432,-0.071613,3.000000
1.638936,0.104919,2.889543,-0.000000,0.985224,-0.171273,3.000000
1.659315,0.045342,2.441875,-0.000000,0.995049,-0.099383,3.000000
1.645754,8.408746,0.478670,-0.000000,-1.000000,-0.000000,3.000000
1.680538,4.740868,-3.546625,-0.000000,-0.096951,0.995289,3.000000
1.689107,6.702596,3.833542,-0.000000,-0.585239,-0.810861,3.000000
1.672421,8.222937,1.249228,-0.000000,-0.998390,-0.056721,3.000000
1.678979,8.226721,1.234270,-0.000167,-0.992510,-0.122163,3.000000
1.666559,8.175426,2.023868,0.000000,-0.997438,-0.071531,3.000000
1.638936,8.078367,2.890582,-0.000000,-0.985178,-0.171532,3.000000
1.659315,8.138156,2.441667,0.000000,-0.995054,-0.099331,3.000000
-2.686502,4.106487,0.517796,1.000000,-0.000000,-0.000000,3.000000
1.036463,4.107391,-3.552042,0.097050,-0.000187,0.995279,3.000000
-0.933838,4.107611,3.867772,0.585336,-0.000231,-0.810791,3.000000
-2.495545,4.139529,1.348103,0.998437,-0.000000,-0.055890,3.000000
-2.494168,4.150269,1.320053,0.992558,-0.000000,-0.121772,3.000000
5.947553,4.076522,0.517109,-1.000000,-0.000000,-0.000000,3.000000
2.279923,4.141713,-3.546603,-0.097006,-0.000000,0.995284,3.000000
4.248265,4.150291,3.828316,-0.586949,0.000000,-0.809624,3.000000
5.755904,4.139529,1.351493,-0.998389,-0.000000,-0.056738,3.000000
5.754638,4.150271,1.322601,-0.992474,-0.000000,-0.122452,3.000000
-2.453414,4.127933,2.028667,0.997352,-0.000000,-0.072731,3.000000
-2.346193,4.073061,2.947568,0.985219,-0.000000,-0.171301,3.000000
-2.415404,4.120609,2.447991,0.994895,-0.000000,-0.100912,3.000000
5.714204,4.127933,2.023881,-0.997438,-0.000000,-0.071535,3.000000
5.606612,4.073061,2.949553,-0.985132,-0.000000,-0.171797,3.000000
5.676478,4.120609,2.444673,-0.994979,-0.000000,-0.100083,3.000000
-2.478382,4.133735,1.654710,0.998437,-0.000000,-0.055892,3.000000
5.738472,4.133735,1.658161,-0.998388,-0.000000,-0.056755,3.000000
1.666524,-0.022058,1.556500,-0.000000,0.998380,-0.056889,3.000000
1.666524,8.205503,1.556014,-0.000000,-0.998387,-0.056768,3.000000
1.680771,4.141933,-3.576330,-0.000071,-0.000060,1.000000,3.000000
1.621828,4.100308,6.320272,-0.000000,-0.000000,-1.000000,3.000000
1.992436,4.025301,-1.645384,-0.000001,0.000000,1.000000,3.000000
1.882660,1.962544,5.853292,0.038616,0.591908,-0.805080,3.000000
1.992427,5.135296,-1.645384,-0.000000,0.000001,1.000000,3.000000
2.229459,6.976594,6.170624,-0.003331,-0.495668,-0.868506,3.000000
3.892547,4.095725,-1.464266,-0.275751,0.000002,0.961229,3.000000
4.022338,4.361754,6.434614,-0.279355,-0.000009,-0.960188,3.000000
3.136175,5.650645,-1.579678,0.000003,-0.142493,0.989796,3.000000
3.910695,5.018220,6.467022,-0.279262,-0.000605,-0.960215,3.000000
2.423941,4.025296,-1.645384,-0.000000,0.000000,1.000000,3.000000
2.576235,2.554795,6.206891,0.000004,0.444383,-0.895837,3.000000
2.561368,5.135305,-1.645384,-0.000000,-0.000001,1.000000,3.000000
2.406123,7.018736,6.146456,0.001230,-0.495464,-0.868628,3.000000
1.992431,4.632927,-1.645384,-0.000000,-0.000000,1.000000,3.000000
3.041617,4.632938,-1.645384,-0.000000,-0.000000,1.000000,3.000000
1.697948,4.383470,6.702209,0.106178,0.065496,-0.992188,3.000000
3.993157,4.605845,6.443131,-0.279556,0.000039,-0.960130,3.000000
-0.495507,4.203214,5.878907,0.511970,0.000011,-0.859003,3.000000
1.846436,2.190638,6.026246,0.000006,0.444380,-0.895838,3.000000
-0.487634,5.200777,5.883613,0.511970,0.000011,-0.859004,3.000000
1.854337,7.419522,5.916781,0.000000,-0.497793,-0.867296,3.000000
4.303662,3.267304,6.155515,-0.269299,0.265886,-0.925625,3.000000
3.208454,2.231340,6.015679,-0.097995,0.453639,-0.885781,3.000000
4.311010,6.097774,6.166376,-0.270182,-0.254276,-0.928626,3.000000
3.066387,7.381792,5.922597,-0.063369,-0.502468,-0.862270,3.000000
-0.488326,4.611100,5.885628,0.520810,0.000012,-0.853673,3.000000
4.596020,4.770408,6.267716,-0.279372,-0.000010,-0.960183,3.000000
2.423918,2.161361,6.011727,0.000006,0.444380,-0.895838,3.000000
2.423941,7.445514,5.901864,0.000001,-0.497793,-0.867296,3.000000
2.423944,4.632930,-1.645384,-0.000000,-0.000000,1.000000,3.000000
3.583348,4.681509,6.558995,-0.259245,0.000437,-0.965812,3.000000
1.698346,4.260405,-1.645384,0.000000,-0.000001,1.000000,3.000000
2.537051,2.619857,6.233252,-0.084530,0.450107,-0.888965,3.000000
1.698326,5.362826,-1.645384,0.000001,-0.000001,1.000000,3.000000
2.072165,7.057314,6.124674,0.000000,-0.497791,-0.867297,3.000000
3.132384,3.706187,-1.570273,-0.000004,0.156166,0.987731,3.000000
3.926342,4.417094,6.462564,-0.279643,0.000412,-0.960104,3.000000
3.811358,5.308191,-1.488789,-0.254498,-0.000001,0.967073,3.000000
4.009779,5.067364,6.438212,-0.278917,-0.000167,-0.960315,3.000000
2.561366,4.260400,-1.645384,-0.000000,-0.000000,1.000000,3.000000
2.423461,2.644791,6.251242,0.001067,0.442585,-0.896726,3.000000
2.423954,5.362824,-1.645384,-0.000002,0.000001,1.000000,3.000000
2.562127,7.098476,6.101048,0.000000,-0.497791,-0.867297,3.000000
1.698338,4.770348,-1.645384,-0.000000,-0.000000,1.000000,3.000000
3.384438,4.770375,-1.645384,-0.000000,-0.000001,1.000000,3.000000
2.016614,4.718905,6.744649,0.053838,0.019761,-0.998354,3.000000
3.878597,4.788738,6.476426,-0.279135,-0.000255,-0.960252,3.000000
-0.352836,4.240189,5.961598,0.523967,0.044099,-0.850596,3.000000
2.140519,2.339324,6.100004,0.000006,0.444380,-0.895838,3.000000
-0.269805,4.974587,6.013436,0.511970,0.000011,-0.859004,3.000000
2.148432,7.283513,5.994845,0.000001,-0.497793,-0.867296,3.000000
6.805357,3.868923,3.594528,-0.959155,0.094492,-0.266633,3.000000
2.671535,2.114630,5.954967,0.057510,0.520606,-0.851858,3.000000
6.628396,5.594244,4.088230,-0.914812,-0.104598,-0.390100,3.000000
2.741382,7.452652,5.877963,0.038302,-0.553267,-0.832123,3.000000
-0.235193,4.807363,6.036265,0.511982,-0.014363,-0.858876,3.000000
4.347197,4.632781,6.340107,-0.279347,0.000039,-0.960190,3.000000
2.588279,2.346629,6.103630,0.000005,0.444380,-0.895838,3.000000
2.580911,7.281717,5.995876,-0.000000,-0.497792,-0.867296,3.000000
2.561368,4.770354,-1.645384,-0.000000,-0.000000,1.000000,3.000000
3.402155,4.884724,6.605612,-0.243819,-0.010954,-0.969759,3.000000
-1.726854,3.039399,0.479278,0.933469,0.233083,0.272595,3.000000
0.449680,0.189356,1.262042,0.415725,0.904341,0.096643,3.000000
1.363881,2.557896,-2.216419,0.203938,0.334754,0.919972,3.000000
0.897509,0.740357,4.213842,0.337416,0.783902,-0.521199,3.000000
-1.056667,2.696995,4.211095,0.785103,0.335674,-0.520515,3.000000
0.680648,0.722976,4.036707,0.366986,0.786251,-0.497123,3.000000
-1.727147,5.407954,0.583403,0.936027,-0.251065,0.246616,3.000000
0.364813,8.143652,1.354653,0.438852,-0.895546,0.073520,3.000000
0.735891,5.273949,-2.190551,0.343582,-0.217564,0.913574,3.000000
0.803660,7.523964,4.289115,0.365608,-0.757408,-0.540984,3.000000
-0.854934,5.982378,4.264802,0.736945,-0.413650,-0.534609,3.000000
-0.857751,6.034821,4.221444,0.736417,-0.401659,-0.544390,3.000000
6.518345,2.974380,0.561999,-0.934869,0.250078,0.251955,3.000000
3.615100,0.065314,0.579564,-0.250869,0.935828,0.247571,3.000000
3.480813,2.529684,-2.191557,-0.217297,0.343102,0.913818,3.000000
4.176227,0.925310,4.260252,-0.410055,0.739785,-0.533453,3.000000
4.142396,2.860532,5.691288,-0.378121,0.299145,-0.876092,3.000000
4.238547,0.922005,4.208786,-0.400562,0.739359,-0.541202,3.000000
6.513275,5.480082,0.667315,-0.936078,-0.269867,0.225675,3.000000
3.686812,8.306116,0.669979,-0.269561,-0.936327,0.225009,3.000000
4.078357,5.336241,-2.164719,-0.349774,-0.233907,0.907164,3.000000
4.147023,7.435254,4.282508,-0.407316,-0.736541,-0.540000,3.000000
4.113777,5.732522,5.614733,-0.373774,-0.353390,-0.857560,3.000000
5.548781,6.111255,4.277961,-0.712742,-0.422896,-0.559605,3.000000
2.510051,-0.068353,0.517491,-0.041252,0.958962,0.280516,3.000000
2.377409,2.518565,-2.304267,-0.008092,0.341929,0.939691,3.000000
2.342344,0.086266,3.483652,-0.000000,0.941974,-0.335687,3.000000
2.342344,3.127745,6.120827,-0.000000,0.199840,-0.979829,3.000000
2.517526,8.459491,0.600078,-0.043121,-0.964676,0.259885,3.000000
2.450091,5.854937,-2.304230,-0.000397,-0.360056,0.932930,3.000000
2.346969,8.307934,3.419161,-0.000000,-0.947277,-0.320415,3.000000
2.434252,5.173253,6.131603,-0.008907,-0.196505,-0.980462,3.000000
-1.866023,4.327407,0.541828,0.966772,-0.021696,0.254717,3.000000
0.725756,4.170835,-2.303931,0.342142,-0.008418,0.939610,3.000000
6.673019,4.327551,0.623527,-0.971918,-0.021732,0.234316,3.000000
4.093690,4.171199,-2.292921,-0.349510,-0.008509,0.936894,3.000000
-1.752771,4.280608,3.339384,0.949788,-0.020781,-0.312202,3.000000
1.333124,4.134576,6.120300,0.200449,-0.000000,-0.979704,3.000000
6.567338,4.284090,3.256255,-0.956139,-0.022003,-0.292086,3.000000
3.451699,4.141906,6.119536,-0.199214,-0.000000,-0.979956,3.000000
-1.606639,2.243142,2.148430,0.905348,0.415372,-0.088377,3.000000
0.448415,0.186585,2.148741,0.416043,0.905032,-0.088455,3.000000
-1.565491,6.206614,2.056391,0.898108,-0.434826,-0.065784,3.000000
0.364114,8.145073,2.065639,0.439022,-0.895892,-0.068096,3.000000
6.354622,2.159558,2.068645,-0.896275,0.438125,-0.068838,3.000000
3.687215,0.058972,2.768598,-0.269816,0.938121,-0.217091,3.000000
6.303604,6.301538,1.969507,-0.886553,-0.460485,-0.044481,3.000000
3.674770,8.312784,2.761017,-0.268512,-0.938775,-0.215879,3.000000
-1.920601,4.409423,2.691104,0.975347,-0.043141,-0.216417,3.000000
6.702223,4.314160,2.712485,-0.974158,-0.042899,-0.221757,3.000000
2.422461,-0.090816,2.881217,-0.019953,0.971314,-0.236960,3.000000
2.433075,8.471104,2.832894,-0.022568,-0.974008,-0.225386,3.000000
2.346965,4.139503,-2.599925,-0.000481,-0.000585,1.000000,3.000000
2.363739,4.168818,6.222837,-0.003858,-0.007158,-0.999967,3.000000
-1.603909,2.244402,1.262683,0.904664,0.415059,0.096483,3.000000
1.245628,0.066003,0.477677,0.233501,0.933248,0.272994,3.000000
0.764946,3.156773,-2.216265,0.334978,0.203740,0.919935,3.000000
1.184316,2.538426,5.778649,0.265714,0.352621,-0.897248,3.000000
0.743425,2.980164,5.778578,0.353283,0.264882,-0.897234,3.000000
-1.074208,2.477678,4.032275,0.787497,0.365812,-0.496014,3.000000
-1.564198,6.205961,1.364984,0.897791,-0.434672,0.070937,3.000000
1.180390,8.309904,0.562523,0.250577,-0.934769,0.251828,3.000000
1.307638,5.841521,-2.192974,0.218765,-0.341222,0.914171,3.000000
1.098360,5.944058,5.695690,0.291933,-0.380703,-0.877406,3.000000
0.748569,5.610873,5.699848,0.354908,-0.320773,-0.878148,3.000000
0.649859,7.533741,4.168429,0.378354,-0.758118,-0.531136,3.000000
6.353336,2.160172,1.353517,-0.895956,0.437969,0.073802,3.000000
4.414560,0.227888,1.362802,-0.434826,0.897673,0.071481,3.000000
4.048998,3.101657,-2.193673,-0.341096,0.218258,0.914339,3.000000
3.816141,2.520875,5.693502,-0.320034,0.359689,-0.876471,3.000000
5.730615,2.564726,4.272358,-0.756837,0.373097,-0.536654,3.000000
5.738862,2.426123,4.162379,-0.757301,0.382124,-0.529600,3.000000
6.303060,6.301248,1.458833,-0.886429,-0.460421,0.047501,3.000000
4.506036,8.096627,1.460099,-0.459598,-0.886873,0.047185,3.000000
3.543378,5.871583,-2.164447,-0.233703,-0.350086,0.907096,3.000000
3.848352,5.986054,5.613840,-0.332648,-0.392559,-0.857463,3.000000
5.547418,6.096289,4.291334,-0.713245,-0.444332,-0.542080,3.000000
4.228252,7.438533,4.217526,-0.401549,-0.736398,-0.544496,3.000000
2.532278,-0.073310,0.537907,-0.020944,0.966531,0.255694,3.000000
2.450303,2.555098,-2.317429,-0.000450,0.351501,0.936188,3.000000
2.486739,0.040263,3.342720,-0.020313,0.949527,-0.313027,3.000000
2.452378,3.237297,6.141328,-0.011723,0.187300,-0.982233,3.000000
2.536051,8.465563,0.626386,-0.021887,-0.972086,0.233602,3.000000
2.379082,5.886369,-2.292650,-0.008510,-0.349680,0.936831,3.000000
2.490530,8.349250,3.284158,-0.022977,-0.953916,-0.299193,3.000000
2.346969,5.262146,6.114188,-0.000000,-0.204102,-0.978950,3.000000
-1.860464,4.306840,0.519307,0.959044,-0.042420,0.280063,3.000000
0.761046,4.242813,-2.316635,0.352014,-0.000548,0.935995,3.000000
6.667615,4.307087,0.599657,-0.964677,-0.042482,0.259988,3.000000
4.061674,4.242599,-2.304708,-0.359753,-0.000495,0.933047,3.000000
-1.706317,4.134576,3.482137,0.942106,-0.000000,-0.335315,3.000000
1.458465,4.258989,6.143278,0.184022,-0.015376,-0.982802,3.000000
6.526152,4.141906,3.393747,-0.949488,-0.000000,-0.313803,3.000000
3.331804,4.260478,6.141349,-0.184534,-0.016100,-0.982694,3.000000
-1.742030,2.944063,2.830857,0.938078,0.257261,-0.232004,3.000000
1.149338,0.050742,2.831302,0.257898,0.937876,-0.232116,3.000000
-1.733897,5.478018,2.765146,0.938404,-0.269512,-0.216243,3.000000
1.163589,8.320889,2.827577,0.256186,-0.938410,-0.231851,3.000000
6.528071,2.940259,2.815333,-0.938127,0.259961,-0.228775,3.000000
4.415137,0.226727,2.060449,-0.434967,0.897966,-0.066790,3.000000
6.516433,5.508340,2.731609,-0.937563,-0.278373,-0.208527,3.000000
4.506331,8.097134,1.968695,-0.459659,-0.886991,-0.044278,3.000000
-1.883075,4.216431,2.879642,0.971400,-0.020412,-0.236572,3.000000
6.694977,4.326073,2.743359,-0.978944,-0.021461,-0.202996,3.000000
2.612618,-0.128139,2.695262,-0.041950,0.975169,-0.217451,3.000000
2.615355,8.504637,2.653105,-0.043687,-0.977329,-0.207168,3.000000
2.450205,4.242742,-2.599821,-0.000426,-0.000530,1.000000,3.000000
2.461503,4.268578,6.221666,-0.004730,-0.008028,-0.999957,3.000000
0.384469,4.433041,1.380043,0.557295,0.830088,0.019405,1.000000
-0.933645,5.832908,1.395206,0.854691,0.518902,0.015615,1.000000
-0.264062,5.784530,-0.667025,0.729417,0.500141,0.466701,1.000000
-0.914589,5.853915,0.882395,0.850682,0.516468,0.097989,1.000000
0.551961,11.762749,1.393570,0.531880,-0.846668,0.016024,1.000000
-0.851416,10.388742,1.403743,0.834888,-0.550254,0.013480,1.000000
-0.229669,10.362025,-0.651838,0.722461,-0.513585,0.462905,1.000000
-0.829075,10.364449,0.841347,0.830057,-0.547071,0.108251,1.000000
5.059598,4.314357,1.396971,-0.527215,0.849597,0.015173,1.000000
6.457695,5.658779,1.496659,-0.837748,0.545717,0.019286,1.000000
5.857848,5.714261,-0.642814,-0.721711,0.516659,0.460648,1.000000
5.084458,4.964752,-0.656836,-0.502414,0.729480,0.464154,1.000000
5.179353,11.700795,1.414568,-0.555049,-0.831748,0.010774,1.000000
6.519428,10.335669,1.505422,-0.851861,-0.523489,0.017095,1.000000
5.893506,10.313889,-0.660350,-0.728966,-0.502348,0.465032,1.000000
5.143837,11.082666,-0.652861,-0.516147,-0.720469,0.463161,1.000000
2.869632,7.277983,-2.839777,-0.000000,0.117308,0.993096,1.000000
2.783120,3.676811,1.428969,0.000000,0.999974,0.007174,1.000000
2.794033,3.682348,1.134285,-0.000000,0.999387,0.035016,1.000000
2.749618,5.471492,5.282804,-0.000000,0.566402,-0.824129,1.000000
2.777499,4.153852,3.720409,-0.000000,0.954024,-0.299729,1.000000
2.839154,8.741161,-2.847889,-0.000936,-0.115780,0.993275,1.000000
2.792009,12.413287,1.545086,-0.000000,-0.999974,0.007179,1.000000
2.792540,12.404568,1.067205,-0.000000,-0.999388,0.034993,1.000000
2.751017,12.070564,3.242370,-0.000000,-0.970555,-0.240880,1.000000
2.842231,10.569294,5.316463,-0.001608,-0.568099,-0.822959,1.000000
2.777499,11.935384,3.720261,-0.000000,-0.954036,-0.299692,1.000000
2.046327,7.990157,-2.839323,0.118260,0.000000,0.992983,1.000000
-1.550032,8.076533,1.428958,0.999974,-0.000000,0.007177,1.000000
-1.542822,8.021000,1.077201,0.999472,-0.000000,0.032494,1.000000
3.513967,8.019870,-2.847696,-0.116185,0.001342,0.993227,1.000000
7.182588,8.012622,1.428958,-0.999974,-0.000000,0.007177,1.000000
7.175371,8.068246,1.077107,-0.999471,-0.000000,0.032518,1.000000
-1.237605,8.091593,3.125981,0.971077,-0.001878,-0.238761,1.000000
0.258952,8.030771,5.292533,0.576437,-0.001164,-0.817141,1.000000
-1.097791,8.026765,3.644697,0.954678,-0.000000,-0.297641,1.000000
6.872088,7.992703,3.116225,-0.971670,0.003176,-0.236319,1.000000
5.363836,8.017479,5.299102,-0.574110,0.001829,-0.818776,1.000000
6.730346,8.026765,3.644779,-0.954672,-0.000000,-0.297661,1.000000
0.508942,4.370969,2.102376,0.542686,0.835961,-0.081611,1.000000
-0.926731,5.844119,2.056151,0.853010,0.517148,-0.070224,1.000000
0.592818,11.774202,2.064840,0.522707,-0.849447,-0.072232,1.000000
-0.877803,10.321600,2.087561,0.841210,-0.535041,-0.078077,1.000000
5.041801,4.317431,2.058949,-0.523829,0.848880,-0.070754,1.000000
5.924972,5.207888,2.820222,-0.709522,0.666041,-0.230147,1.000000
5.111687,11.726066,2.096313,-0.540014,-0.837836,-0.080100,1.000000
5.946462,10.855624,2.829378,-0.714252,-0.660164,-0.232438,1.000000
-1.548898,8.066540,1.864616,0.999750,-0.000000,-0.022341,1.000000
7.181450,8.023423,1.864690,-0.999750,-0.000000,-0.022356,1.000000
2.793971,3.678282,1.872450,-0.000000,0.999709,-0.024129,1.000000
2.788813,12.408910,1.958395,-0.000000,-0.999709,-0.024127,1.000000
2.758471,7.988242,-2.882187,-0.000000,0.000000,1.000000,1.000000
2.834078,8.026768,6.588854,-0.000000,-0.000000,-1.000000,1.000000
0.492938,4.358708,1.533169,0.544474,0.838716,0.010159,1.000000
-0.900557,5.774878,1.509905,0.855012,0.518362,0.015975,1.000000
0.466959,4.418653,0.827930,0.553918,0.825057,0.111605,1.000000
0.480783,5.014532,-0.656563,0.517913,0.718603,0.464086,1.000000
0.523416,11.747085,1.488274,0.523956,-0.851477,0.021382,1.000000
-0.850008,10.393522,1.481512,0.843561,-0.536537,0.023073,1.000000
0.574237,11.742255,0.865471,0.529162,-0.842341,0.102220,1.000000
0.537381,11.113761,-0.661423,0.504851,-0.727063,0.465301,1.000000
5.111097,4.344162,1.507322,-0.525072,0.850895,0.016620,1.000000
6.464282,5.670995,1.413973,-0.830146,0.557439,0.010923,1.000000
5.038503,4.333944,0.877233,-0.524671,0.845497,0.099280,1.000000
6.441483,5.695333,0.836254,-0.825201,0.554119,0.109524,1.000000
5.184801,11.698666,1.492612,-0.541643,-0.840364,0.020298,1.000000
6.549861,10.282768,1.394206,-0.850757,-0.525320,0.015865,1.000000
5.155138,11.677614,0.834391,-0.551714,-0.826749,0.109990,1.000000
6.530407,10.261227,0.876658,-0.846648,-0.522783,0.099424,1.000000
2.791109,7.347807,-2.847870,0.001271,0.115817,0.993270,1.000000
2.838453,3.675978,1.545108,-0.000000,0.999974,0.007174,1.000000
2.838447,3.684702,1.067110,-0.000000,0.999387,0.035016,1.000000
2.828638,5.521272,5.317226,0.001404,0.567837,-0.823140,1.000000
2.834079,4.132689,3.653049,-0.000000,0.954024,-0.299729,1.000000
2.761830,8.809296,-2.839983,-0.000000,-0.116871,0.993147,1.000000
2.847633,12.412454,1.428947,-0.000000,-0.999974,0.007179,1.000000
2.836761,12.406920,1.134379,-0.000000,-0.999388,0.034993,1.000000
2.866422,12.099475,3.124240,-0.002809,-0.971181,-0.238326,1.000000
2.751233,10.631687,5.273478,-0.000000,-0.569762,-0.821809,1.000000
2.834079,11.956544,3.652901,-0.000000,-0.954036,-0.299692,1.000000
2.116219,8.068962,-2.847479,0.116649,-0.001372,0.993172,1.000000
-1.550866,8.021289,1.545097,0.999974,-0.000000,0.007177,1.000000
-1.545006,8.064975,1.144375,0.999472,-0.000000,0.032494,1.000000
3.583982,8.098943,-2.839558,-0.117765,-0.000000,0.993042,1.000000
7.183421,8.068582,1.545097,-0.999974,-0.000000,0.007177,1.000000
7.177557,8.023679,1.144280,-0.999471,-0.000000,0.032518,1.000000
-1.209440,7.979316,3.240747,0.970656,-0.000000,-0.240472,1.000000
0.208437,8.111346,5.256831,0.575249,-0.000000,-0.817978,1.000000
-1.076790,8.083584,3.712057,0.954678,-0.000000,-0.297641,1.000000
6.843113,8.109986,3.235728,-0.970966,-0.000000,-0.239218,1.000000
5.427179,8.109581,5.254785,-0.575987,0.000000,-0.817459,1.000000
6.709343,8.083584,3.712139,-0.954672,-0.000000,-0.297661,1.000000
-0.024726,4.942050,2.831646,0.667078,0.707668,-0.232837,1.000000
-0.321716,5.243353,2.833199,0.716049,0.657875,-0.233396,1.000000
-0.000406,11.169365,2.833800,0.661618,-0.712596,-0.233383,1.000000
-0.300355,10.870874,2.831384,0.711204,-0.663269,-0.232944,1.000000
5.633149,4.918646,2.823382,-0.662127,0.712975,-0.230770,1.000000
6.485391,5.732151,2.096802,-0.835192,0.544052,-0.080384,1.000000
5.651642,11.153085,2.828442,-0.665892,-0.709045,-0.232042,1.000000
6.546075,10.266241,2.059791,-0.849828,-0.522239,-0.071131,1.000000
-1.546991,8.018155,1.949927,0.999750,-0.000000,-0.022341,1.000000
7.179543,8.071899,1.950014,-0.999750,-0.000000,-0.022356,1.000000
2.841936,3.680358,1.958442,-0.000000,0.999709,-0.024129,1.000000
2.836933,12.410984,1.872423,-0.000000,-0.999709,-0.024127,1.000000
2.873326,8.100635,-2.882187,-0.000000,-0.000000,1.000000,1.000000
2.798500,8.062424,6.588854,-0.000000,-0.000000,-1.000000,1.000000
2.779567,3.928239,4.155186,-0.000000,0.999670,-0.025701,1.000000
2.782050,3.934038,3.636607,-0.000000,0.998846,0.048034,1.000000
2.802544,4.060812,2.408664,-0.000000,0.979536,0.201268,1.000000
2.794280,3.971038,4.987653,-0.000000,0.997814,-0.066089,1.000000
2.809019,4.019213,5.691595,-0.000000,0.996874,-0.079006,1.000000
2.801637,3.993258,5.323116,-0.000000,0.997814,-0.066090,1.000000
2.791086,12.125123,3.171299,-0.000000,-0.996755,0.080496,1.000000
2.779567,12.158989,4.154442,-0.000000,-0.999674,-0.025515,1.000000
2.782050,12.153260,3.638041,-0.000000,-0.998863,0.047675,1.000000
2.802544,12.026407,2.407338,-0.000000,-0.979468,0.201599,1.000000
2.794280,12.116558,4.985710,-0.000000,-0.997846,-0.065603,1.000000
2.809019,12.068312,5.693704,-0.000000,-0.996832,-0.079533,1.000000
2.801637,12.094503,5.321167,-0.000000,-0.997846,-0.065603,1.000000
-1.255594,8.078216,3.059361,0.996753,-0.000000,0.080526,1.000000
-1.298511,8.006619,4.154481,0.999674,-0.000000,-0.025525,1.000000
-1.287440,8.083485,3.526159,0.998862,-0.000000,0.047691,1.000000
-1.155257,8.018308,2.355042,0.979654,-0.000000,0.200696,1.000000
6.888422,8.078216,3.059485,-0.996755,-0.000000,0.080495,1.000000
6.931316,8.006619,4.154439,-0.999674,-0.000000,-0.025515,1.000000
6.920251,8.083485,3.526233,-0.998863,-0.000000,0.047672,1.000000
6.788178,8.018308,2.355469,-0.979676,-0.000000,0.200589,1.000000
-1.256063,8.021506,4.985808,0.997844,-0.000000,-0.065628,1.000000
-1.208051,8.051286,5.691351,0.996879,-0.000000,-0.078945,1.000000
-1.233999,8.028968,5.321266,0.997844,-0.000000,-0.065628,1.000000
6.888888,8.021506,4.985710,-0.997846,-0.000000,-0.065603,1.000000
6.840904,8.051286,5.691158,-0.996883,-0.000000,-0.078897,1.000000
6.866834,8.028968,5.321159,-0.997846,-0.000000,-0.065601,1.000000
-1.278126,8.014046,4.650351,0.997844,-0.000000,-0.065628,1.000000
6.910943,8.014046,4.650249,-0.997846,-0.000000,-0.065603,1.000000
2.786922,3.948819,4.652201,-0.000000,0.997814,-0.066091,1.000000
2.786922,12.138613,4.650274,-0.000000,-0.997845,-0.065609,1.000000
2.802550,8.029796,-0.898085,-0.000000,-0.000000,1.000000,1.000000
2.823824,8.036357,9.561924,-0.000000,-0.000000,-1.000000,1.000000
2.856093,3.931114,4.267005,-0.000000,0.999670,-0.025701,1.000000
2.856094,3.939415,3.524788,-0.000000,0.998846,0.048034,1.000000
2.841737,4.072301,2.352754,-0.000000,0.979536,0.201268,1.000000
2.845894,3.978445,5.099472,-0.000000,0.997814,-0.066089,1.000000
2.831198,4.026598,5.784772,-0.000000,0.996874,-0.079006,1.000000
2.838545,4.000664,5.434935,-0.000000,0.997814,-0.066090,1.000000
2.850761,12.116093,3.059479,-0.000000,-0.996755,0.080496,1.000000
2.856093,12.156136,4.266261,0.000000,-0.999674,-0.025515,1.000000
2.856094,12.147923,3.526222,-0.000000,-0.998863,0.047675,1.000000
2.841737,12.014900,2.351429,-0.000000,-0.979468,0.201599,1.000000
2.845894,12.109207,5.097529,0.000000,-0.997846,-0.065603,1.000000
2.831198,12.060877,5.786880,0.000000,-0.996832,-0.079533,1.000000
2.838545,12.087152,5.432986,0.000000,-0.997846,-0.065603,1.000000
-1.264629,8.018260,3.171181,0.996753,-0.000000,0.080526,1.000000
-1.295655,8.083465,4.266301,0.999674,-0.000000,-0.025525,1.000000
-1.292778,8.009121,3.637979,0.998862,-0.000000,0.047691,1.000000
-1.166712,8.057677,2.410951,0.979654,-0.000000,0.200696,1.000000
6.897452,8.018260,3.171305,-0.996755,-0.000000,0.080495,1.000000
6.928462,8.083466,4.266258,-0.999674,-0.000000,-0.025515,1.000000
6.925588,8.009121,3.638052,-0.998863,-0.000000,0.047672,1.000000
6.799626,8.057677,2.411379,-0.979676,-0.000000,0.200589,1.000000
-1.248708,8.073368,5.097628,0.997844,-0.000000,-0.065628,1.000000
-1.200672,8.028973,5.784528,0.996879,-0.000000,-0.078945,1.000000
-1.226645,8.066072,5.433085,0.997844,-0.000000,-0.065628,1.000000
6.881536,8.073368,5.097529,-0.997846,-0.000000,-0.065603,1.000000
6.833529,8.028973,5.784336,-0.996883,-0.000000,-0.078897,1.000000
6.859483,8.066072,5.432978,-0.997846,-0.000000,-0.065601,1.000000
-1.270771,8.080666,4.762170,0.997844,-0.000000,-0.065628,1.000000
6.903591,8.080666,4.762068,-0.997846,-0.000000,-0.065603,1.000000
2.853242,3.956226,4.764020,-0.000000,0.997814,-0.066091,1.000000
2.853242,12.131260,4.762094,0.000000,-0.997845,-0.065609,1.000000
2.830290,8.057658,-0.898085,-0.000000,-0.000000,1.000000,1.000000
2.809023,8.051236,9.561924,-0.000000,-0.000000,-1.000000,1.000000
3.836096,-0.389163,-0.708183,-0.000000,0.606017,0.795452,2.000000
3.970376,-1.316403,0.235034,0.000025,0.795434,0.606040,2.000000
2.350563,-0.920327,0.099090,0.287622,0.746508,0.600000,2.000000
3.408870,-1.311362,0.244609,0.051757,0.794392,0.605196,2.000000
3.836096,-0.389736,6.271996,-0.000000,0.606183,-0.795325,2.000000
3.970376,-1.315660,5.330198,0.000025,0.795257,-0.606273,2.000000
2.351277,-0.920563,5.465214,0.287443,0.746583,-0.599992,2.000000
3.409029,-1.310628,5.320634,0.051717,0.794216,-0.605430,2.000000
3.836096,4.839398,-0.708128,-0.000000,-0.606033,0.795439,2.000000
3.836096,5.715450,0.167940,-0.000000,-0.795451,0.606017,2.000000
2.348149,5.371783,0.102002,0.288303,-0.746829,0.599273,2.000000
2.348279,4.907447,-0.362730,0.288324,-0.599817,0.746384,2.000000
3.836096,4.839425,6.272467,-0.000000,-0.606041,-0.795433,2.000000
3.836096,5.715399,5.396483,-0.000000,-0.795440,-0.606033,2.000000
2.348198,5.371794,5.462368,0.288291,-0.746832,-0.599274,2.000000
2.348329,4.907426,5.927128,0.288311,-0.599813,-0.746392,2.000000
4.642441,-0.322140,-0.759253,-0.000017,0.606058,0.795420,2.000000
4.642443,-1.316376,0.234993,-0.000017,0.795427,0.606050,2.000000
5.182764,-0.313874,-0.755849,-0.040402,0.605542,0.794787,2.000000
5.182751,-1.312974,0.243261,-0.040399,0.794794,0.605533,2.000000
4.642441,-0.322713,6.323089,-0.000017,0.606225,-0.795293,2.000000
4.642443,-1.315634,5.330238,-0.000017,0.795249,-0.606283,2.000000
5.182559,-0.314462,6.319692,-0.040351,0.605710,-0.794662,2.000000
5.182626,-1.312236,5.321981,-0.040367,0.794617,-0.605767,2.000000
4.642441,4.772375,-0.759201,-0.000017,-0.606075,0.795408,2.000000
4.776752,5.715393,0.167861,-0.000000,-0.795436,0.606037,2.000000
5.182751,4.764111,-0.755797,-0.040399,-0.605559,0.794775,2.000000
6.096432,4.921998,-0.427922,-0.232721,-0.603454,0.762682,2.000000
4.642441,4.772402,6.323540,-0.000017,-0.606083,-0.795401,2.000000
4.776752,5.715343,5.396562,-0.000000,-0.795425,-0.606052,2.000000
5.182726,4.764139,6.320138,-0.040392,-0.605567,-0.794769,2.000000
6.096387,4.921980,5.992312,-0.232709,-0.603451,-0.762689,2.000000
4.239234,-0.389287,-0.708093,-0.000000,0.606048,0.795428,2.000000
4.373582,-1.316378,0.234993,0.000008,0.795427,0.606050,2.000000
4.239234,-0.389860,6.271906,-0.000000,0.606214,-0.795301,2.000000
4.373582,-1.315635,5.330238,0.000008,0.795249,-0.606283,2.000000
4.239234,4.839522,-0.708038,-0.000000,-0.606064,0.795416,2.000000
4.239234,5.715358,0.167814,-0.000000,-0.795427,0.606049,2.000000
4.239234,4.839549,6.272377,-0.000000,-0.606072,-0.795410,2.000000
4.239234,5.715307,5.396609,-0.000000,-0.795416,-0.606064,2.000000
-0.308755,2.286278,0.990250,0.931152,-0.000000,0.364630,2.000000
3.835973,2.206484,-1.628757,0.000031,0.000000,1.000000,2.000000
3.575613,2.212685,-1.627679,0.010149,-0.000000,0.999949,2.000000
4.642458,2.206484,-1.628766,-0.000021,-0.000000,1.000000,2.000000
8.911304,2.163894,0.780991,-0.908932,-0.000000,0.416944,2.000000
5.052741,2.212685,-1.627767,-0.007896,-0.000000,0.999969,2.000000
-0.335239,2.222152,4.507217,0.930361,-0.002358,-0.366637,2.000000
3.970352,2.206544,7.193127,0.000031,-0.000000,-1.000000,2.000000
3.490121,2.206536,7.191177,0.010145,-0.000000,-0.999949,2.000000
4.776838,2.206544,7.193130,-0.000021,-0.000000,-1.000000,2.000000
8.945719,2.212612,4.708342,-0.908944,0.000027,-0.416918,2.000000
5.162755,2.206536,7.191265,-0.007893,-0.000000,-0.999969,2.000000
-0.309640,0.433026,2.720977,0.931140,0.364662,0.000000,2.000000
3.835970,-2.185853,2.763561,0.000031,1.000000,-0.000000,2.000000
3.489631,-2.183908,2.800746,0.010112,0.999949,-0.000000,2.000000
-0.304751,4.026134,2.720992,0.930257,-0.366908,-0.000000,2.000000
3.835970,6.636026,2.800778,0.000031,-1.000000,-0.000000,2.000000
3.490442,6.634080,2.800779,0.010170,-0.999948,-0.000000,2.000000
4.642461,-2.185863,2.763561,-0.000022,1.000000,-0.000000,2.000000
8.911300,0.223886,2.720977,-0.908931,0.416946,-0.000000,2.000000
5.052738,-2.184863,2.769761,-0.007895,0.999969,-0.000000,2.000000
4.642461,6.636036,2.800778,-0.000022,-1.000000,-0.000000,2.000000
8.911301,4.226285,2.720992,-0.908932,-0.416945,-0.000000,2.000000
5.052730,6.635036,2.769783,-0.007893,-0.999969,-0.000000,2.000000
-0.643434,2.174144,2.720996,0.999997,-0.002559,-0.000003,2.000000
9.344309,2.163907,2.720984,-1.000000,-0.000000,-0.000000,2.000000
4.239194,-2.185863,2.763561,0.000010,1.000000,-0.000000,2.000000
4.239194,6.636036,2.800778,0.000010,-1.000000,-0.000000,2.000000
4.239192,2.206484,-1.628766,0.000011,0.000000,1.000000,2.000000
4.373571,2.206544,7.193133,0.000011,-0.000000,-1.000000,2.000000
3.970377,-0.322097,-0.759282,0.000024,0.606048,0.795428,2.000000
3.836096,-1.265307,0.167970,-0.000000,0.795458,0.606008,2.000000
3.408417,-0.312500,-0.754208,0.051948,0.605198,0.794378,2.000000
2.350377,-0.454880,-0.365788,0.287590,0.599218,0.747147,2.000000
3.970377,-0.322670,6.323117,0.000024,0.606214,-0.795301,2.000000
3.836096,-1.264534,5.397262,-0.000000,0.795281,-0.606242,2.000000
3.408679,-0.313091,6.318055,0.051883,0.605367,-0.794254,2.000000
2.351073,-0.454666,5.930513,0.287417,0.599176,-0.747248,2.000000
3.970377,4.772332,-0.759229,0.000024,-0.606064,0.795416,2.000000
3.970376,5.766547,0.235003,0.000025,-0.795427,0.606049,2.000000
3.408433,4.762736,-0.754156,0.051944,-0.605215,0.794366,2.000000
3.408155,5.761456,0.244617,0.052066,-0.794372,0.605196,2.000000
3.970377,4.772359,6.323568,0.000024,-0.606072,-0.795410,2.000000
3.970376,5.766498,5.329420,0.000025,-0.795416,-0.606064,2.000000
3.408464,4.762764,6.318497,0.051936,-0.605223,-0.794360,2.000000
3.408178,5.761408,5.319807,0.052060,-0.794361,-0.605211,2.000000
4.776752,-0.389244,-0.708124,-0.000000,0.606037,0.795437,2.000000
4.776752,-1.265250,0.167892,-0.000000,0.795443,0.606028,2.000000
6.096482,-0.985029,0.085296,-0.232733,0.762683,0.603448,2.000000
6.096480,-0.471820,-0.427917,-0.232733,0.603453,0.762680,2.000000
4.776752,-0.389817,6.271937,-0.000000,0.606203,-0.795310,2.000000
4.776752,-1.264476,5.397340,-0.000000,0.795266,-0.606261,2.000000
6.095883,-0.985198,5.478975,-0.232583,0.762741,-0.603432,2.000000
6.095898,-0.471575,5.992575,-0.232587,0.603402,-0.762764,2.000000
4.776752,4.839479,-0.708070,-0.000000,-0.606053,0.795424,2.000000
4.642443,5.766520,0.234963,-0.000017,-0.795420,0.606059,2.000000
6.096434,5.435223,0.085309,-0.232721,-0.762689,0.603446,2.000000
5.182732,5.763119,0.243229,-0.040394,-0.794787,0.605542,2.000000
4.776752,4.839506,6.272408,-0.000000,-0.606062,-0.795418,2.000000
4.642443,5.766471,5.329460,-0.000017,-0.795408,-0.606074,2.000000
6.096390,5.435232,5.479056,-0.232710,-0.762692,-0.603446,2.000000
5.182714,5.763071,5.321195,-0.040389,-0.794776,-0.605558,2.000000
4.373580,-0.322140,-0.759254,0.000008,0.606058,0.795420,2.000000
4.239234,-1.265215,0.167844,-0.000000,0.795434,0.606040,2.000000
4.373580,-0.322713,6.323090,0.000008,0.606225,-0.795293,2.000000
4.239234,-1.264442,5.397388,-0.000000,0.795257,-0.606273,2.000000
4.373580,4.772375,-0.759202,0.000008,-0.606075,0.795408,2.000000
4.373582,5.766521,0.234963,0.000008,-0.795420,0.606059,2.000000
4.373580,4.772402,6.323542,0.000008,-0.606083,-0.795401,2.000000
4.373582,5.766473,5.329460,0.000008,-0.795408,-0.606074,2.000000
-0.335207,2.222219,1.057058,0.930353,-0.002383,0.366658,2.000000
3.970352,2.243685,-1.628761,0.000031,-0.000000,1.000000,2.000000
3.490105,2.243686,-1.626811,0.010149,-0.000000,0.999949,2.000000
4.776838,2.243685,-1.628763,-0.000021,-0.000000,1.000000,2.000000
8.945675,2.237498,0.855921,-0.908933,-0.000003,0.416942,2.000000
5.162766,2.243686,-1.626898,-0.007896,-0.000000,0.999969,2.000000
-0.308752,2.286297,4.574121,0.931152,-0.000000,-0.364631,2.000000
3.835973,2.243712,7.193123,0.000031,-0.000000,-1.000000,2.000000
3.575629,2.237513,7.192045,0.010145,-0.000000,-0.999949,2.000000
4.642458,2.243712,7.193132,-0.000021,-0.000000,-1.000000,2.000000
8.911312,2.286297,4.783358,-0.908934,-0.000000,-0.416940,2.000000
5.052730,2.237513,7.192133,-0.007893,-0.000000,-0.999969,2.000000
-0.339033,0.508093,2.794719,0.931153,0.364628,-0.000040,2.000000
3.970350,-2.185857,2.800738,0.000031,1.000000,-0.000000,2.000000
3.575449,-2.184776,2.769761,0.010112,0.999949,-0.000000,2.000000
-0.334309,3.951192,2.794607,0.930259,-0.366903,-0.000006,2.000000
3.970350,6.636030,2.763584,0.000031,-1.000000,-0.000000,2.000000
3.575739,6.634948,2.769783,0.010170,-0.999948,-0.000000,2.000000
4.776840,-2.185860,2.800738,-0.000022,1.000000,-0.000000,2.000000
8.945730,0.298956,2.794729,-0.908947,0.416912,-0.000042,2.000000
5.162764,-2.183995,2.800746,-0.007895,0.999969,-0.000000,2.000000
4.776840,6.636033,2.763584,-0.000022,-1.000000,-0.000000,2.000000
8.945673,4.151353,2.794594,-0.908933,-0.416943,-0.000003,2.000000
5.162755,6.634169,2.800779,-0.007893,-0.999969,-0.000000,2.000000
-0.643121,2.296530,2.843382,0.999997,-0.002560,-0.000004,2.000000
9.344309,2.286290,2.843366,-1.000000,-0.000000,-0.000000,2.000000
4.373574,-2.185864,2.800738,0.000010,1.000000,-0.000000,2.000000
4.373574,6.636037,2.763584,0.000010,-1.000000,-0.000000,2.000000
4.373571,2.243685,-1.628768,0.000011,-0.000000,1.000000,2.000000
4.239192,2.243712,7.193132,0.000011,-0.000000,-1.000000,2.000000
