0.000000,1.000000,1.800000,4.700000,2.700000
0.000000,1.000000,1.800000,4.700000,2.700000,2.271425,3.950157,2.245305
0.000000,1.000000,1.800000,4.700000,2.700000,2.271425,3.950157,2.245305,5.476487,3.283045,-0.658955
0.000000,2.000000,1.800000,4.700000,2.700000
0.000000,2.000000,1.800000,4.700000,2.700000,-0.056091,3.073332,6.226666
0.000000,3.000000,1.800000,4.700000,2.700000
0.000000,3.000000,1.800000,4.700000,2.700000,1.838246,5.324497,2.370138
0.000000,3.000000,1.800000,4.700000,2.700000,1.838246,5.324497,2.370138,2.870217,9.973026,-1.681069
0.000000,4.000000,1.800000,4.700000,2.700000
0.000000,4.000000,1.800000,4.700000,2.700000,4.790128,13.284712,6.218090
0.000000,5.000000,1.800000,4.700000,2.700000
0.000000,5.000000,1.800000,4.700000,2.700000,2.382761,2.246849,3.265587
0.000000,5.000000,1.800000,4.700000,2.700000,2.382761,2.246849,3.265587,3.835970,-2.185853,2.763561
0.000000,6.000000,1.800000,4.700000,2.700000
0.000000,6.000000,1.800000,4.700000,2.700000,-1.387936,8.388021,3.000297
0.000000,7.000000,1.800000,4.700000,2.700000
0.000000,7.000000,1.800000,4.700000,2.700000,1.632687,3.955728,2.263994
0.000000,7.000000,1.800000,4.700000,2.700000,1.632687,3.955728,2.263994,1.363881,2.557896,-2.216419
0.000000,8.000000,1.800000,4.700000,2.700000
0.000000,8.000000,1.800000,4.700000,2.700000,4.239192,2.243712,7.193132
0.000000,9.000000,1.800000,4.700000,2.700000
0.000000,9.000000,1.800000,4.700000,2.700000,1.381839,4.420539,2.419843
0.000000,9.000000,1.800000,4.700000,2.700000,1.381839,4.420539,2.419843,-0.474622,2.541067,0.094566
0.000000,10.000000,1.800000,4.700000,2.700000
0.000000,10.000000,1.800000,4.700000,2.700000,2.542152,6.645995,2.120907
0.000000,10.000000,1.800000,4.700000,2.700000,2.542152,6.645995,2.120907,5.111687,11.726066,2.096313
0.000000,11.000000,1.800000,4.700000,2.700000
0.000000,11.000000,1.800000,4.700000,2.700000,-2.166109,0.046883,2.834315
0.000000,12.000000,1.800000,4.700000,2.700000
0.000000,12.000000,1.800000,4.700000,2.700000,1.861172,5.302338,3.029311
0.000000,12.000000,1.800000,4.700000,2.700000,1.861172,5.302338,3.029311,2.751233,10.631687,5.273478
0.000000,13.000000,1.800000,4.700000,2.700000
0.000000,13.000000,1.800000,4.700000,2.700000,2.350377,-0.454880,-0.365788
0.000000,14.000000,1.800000,4.700000,2.700000
0.000000,14.000000,1.800000,4.700000,2.700000,-1.198340,6.577001,4.924522
0.000000,15.000000,1.800000,4.700000,2.700000
0.000000,15.000000,1.800000,4.700000,2.700000,2.040644,3.986289,2.355827
0.000000,15.000000,1.800000,4.700000,2.700000,2.040644,3.986289,2.355827,2.899577,1.223164,-1.272523
0.000000,16.000000,1.800000,4.700000,2.700000
0.000000,16.000000,1.800000,4.700000,2.700000,2.322344,3.869166,2.196193
0.000000,16.000000,1.800000,4.700000,2.700000,2.322344,3.869166,2.196193,8.911304,2.163894,0.780991
0.000000,17.000000,1.800000,4.700000,2.700000
0.000000,17.000000,1.800000,4.700000,2.700000,-0.467278,9.908528,1.223023
0.000000,18.000000,1.800000,4.700000,2.700000
0.000000,18.000000,1.800000,4.700000,2.700000,4.566193,9.905429,6.171886
0.000000,19.000000,1.800000,4.700000,2.700000
0.000000,19.000000,1.800000,4.700000,2.700000,-1.860464,4.306840,0.519307
0.000000,20.000000,1.800000,4.700000,2.700000
0.000000,20.000000,1.800000,4.700000,2.700000,4.239234,5.715307,5.396609
0.000000,21.000000,1.800000,4.700000,2.700000
0.000000,21.000000,1.800000,4.700000,2.700000,1.666524,-0.022058,1.556500
0.000000,22.000000,1.800000,4.700000,2.700000
0.000000,22.000000,1.800000,4.700000,2.700000,2.331205,3.855071,2.187647
0.000000,22.000000,1.800000,4.700000,2.700000,2.331205,3.855071,2.187647,6.650375,4.346485,0.538871
0.000000,23.000000,1.800000,4.700000,2.700000
0.000000,23.000000,1.800000,4.700000,2.700000,2.382617,2.258126,7.158706
0.000000,24.000000,1.800000,4.700000,2.700000
0.000000,24.000000,1.800000,4.700000,2.700000,2.407290,5.179582,3.030466
0.000000,24.000000,1.800000,4.700000,2.700000,2.407290,5.179582,3.030466,5.035135,6.615190,3.952545
0.000000,25.000000,1.800000,4.700000,2.700000
0.000000,25.000000,1.800000,4.700000,2.700000,2.423941,7.445514,5.901864
0.000000,26.000000,1.800000,4.700000,2.700000
0.000000,26.000000,1.800000,4.700000,2.700000,-1.841481,1.708317,0.473131
1.000000,0.000000,5.476487,3.283045,-0.658955
1.000000,0.000000,5.476487,3.283045,-0.658955,2.271425,3.950157,2.245305
1.000000,0.000000,5.476487,3.283045,-0.658955,2.271425,3.950157,2.245305,1.800000,4.700000,2.700000
1.000000,2.000000,5.476487,3.283045,-0.658955
1.000000,2.000000,5.476487,3.283045,-0.658955,2.585886,2.840999,3.115719
1.000000,2.000000,5.476487,3.283045,-0.658955,2.585886,2.840999,3.115719,-0.056091,3.073332,6.226666
1.000000,3.000000,5.476487,3.283045,-0.658955
1.000000,3.000000,5.476487,3.283045,-0.658955,2.870217,9.973026,-1.681069
1.000000,4.000000,5.476487,3.283045,-0.658955
1.000000,4.000000,5.476487,3.283045,-0.658955,4.790128,13.284712,6.218090
1.000000,5.000000,5.476487,3.283045,-0.658955
1.000000,5.000000,5.476487,3.283045,-0.658955,3.835970,-2.185853,2.763561
1.000000,6.000000,5.476487,3.283045,-0.658955
1.000000,6.000000,5.476487,3.283045,-0.658955,-1.387936,8.388021,3.000297
1.000000,7.000000,5.476487,3.283045,-0.658955
1.000000,7.000000,5.476487,3.283045,-0.658955,1.363881,2.557896,-2.216419
1.000000,8.000000,5.476487,3.283045,-0.658955
1.000000,8.000000,5.476487,3.283045,-0.658955,4.239192,2.243712,7.193132
1.000000,9.000000,5.476487,3.283045,-0.658955
1.000000,9.000000,5.476487,3.283045,-0.658955,-0.474622,2.541067,0.094566
1.000000,10.000000,5.476487,3.283045,-0.658955
1.000000,10.000000,5.476487,3.283045,-0.658955,5.111687,11.726066,2.096313
1.000000,11.000000,5.476487,3.283045,-0.658955
1.000000,11.000000,5.476487,3.283045,-0.658955,-2.166109,0.046883,2.834315
1.000000,12.000000,5.476487,3.283045,-0.658955
1.000000,12.000000,5.476487,3.283045,-0.658955,2.751233,10.631687,5.273478
1.000000,13.000000,5.476487,3.283045,-0.658955
1.000000,13.000000,5.476487,3.283045,-0.658955,2.350377,-0.454880,-0.365788
1.000000,14.000000,5.476487,3.283045,-0.658955
1.000000,14.000000,5.476487,3.283045,-0.658955,2.212491,5.430987,2.029345
1.000000,14.000000,5.476487,3.283045,-0.658955,2.212491,5.430987,2.029345,-1.198340,6.577001,4.924522
1.000000,15.000000,5.476487,3.283045,-0.658955
1.000000,15.000000,5.476487,3.283045,-0.658955,2.899577,1.223164,-1.272523
1.000000,16.000000,5.476487,3.283045,-0.658955
1.000000,16.000000,5.476487,3.283045,-0.658955,8.911304,2.163894,0.780991
1.000000,17.000000,5.476487,3.283045,-0.658955
1.000000,17.000000,5.476487,3.283045,-0.658955,-0.467278,9.908528,1.223023
1.000000,18.000000,5.476487,3.283045,-0.658955
1.000000,18.000000,5.476487,3.283045,-0.658955,4.566193,9.905429,6.171886
1.000000,19.000000,5.476487,3.283045,-0.658955
1.000000,19.000000,5.476487,3.283045,-0.658955,-1.860464,4.306840,0.519307
1.000000,20.000000,5.476487,3.283045,-0.658955
1.000000,20.000000,5.476487,3.283045,-0.658955,4.239234,5.715307,5.396609
1.000000,21.000000,5.476487,3.283045,-0.658955
1.000000,21.000000,5.476487,3.283045,-0.658955,1.666524,-0.022058,1.556500
1.000000,22.000000,5.476487,3.283045,-0.658955
1.000000,22.000000,5.476487,3.283045,-0.658955,6.650375,4.346485,0.538871
1.000000,23.000000,5.476487,3.283045,-0.658955
1.000000,23.000000,5.476487,3.283045,-0.658955,2.382617,2.258126,7.158706
1.000000,24.000000,5.476487,3.283045,-0.658955
1.000000,24.000000,5.476487,3.283045,-0.658955,5.035135,6.615190,3.952545
1.000000,25.000000,5.476487,3.283045,-0.658955
1.000000,25.000000,5.476487,3.283045,-0.658955,2.423941,7.445514,5.901864
1.000000,26.000000,5.476487,3.283045,-0.658955
1.000000,26.000000,5.476487,3.283045,-0.658955,-1.841481,1.708317,0.473131
2.000000,0.000000,-0.056091,3.073332,6.226666
2.000000,0.000000,-0.056091,3.073332,6.226666,1.800000,4.700000,2.700000
2.000000,1.000000,-0.056091,3.073332,6.226666
2.000000,1.000000,-0.056091,3.073332,6.226666,2.585886,2.840999,3.115719
2.000000,1.000000,-0.056091,3.073332,6.226666,2.585886,2.840999,3.115719,5.476487,3.283045,-0.658955
2.000000,3.000000,-0.056091,3.073332,6.226666
2.000000,3.000000,-0.056091,3.073332,6.226666,2.870217,9.973026,-1.681069
2.000000,4.000000,-0.056091,3.073332,6.226666
2.000000,4.000000,-0.056091,3.073332,6.226666,4.790128,13.284712,6.218090
2.000000,5.000000,-0.056091,3.073332,6.226666
2.000000,5.000000,-0.056091,3.073332,6.226666,3.835970,-2.185853,2.763561
2.000000,6.000000,-0.056091,3.073332,6.226666
2.000000,6.000000,-0.056091,3.073332,6.226666,-1.387936,8.388021,3.000297
2.000000,7.000000,-0.056091,3.073332,6.226666
2.000000,7.000000,-0.056091,3.073332,6.226666,1.363881,2.557896,-2.216419
2.000000,8.000000,-0.056091,3.073332,6.226666
2.000000,8.000000,-0.056091,3.073332,6.226666,4.239192,2.243712,7.193132
2.000000,9.000000,-0.056091,3.073332,6.226666
2.000000,9.000000,-0.056091,3.073332,6.226666,-0.474622,2.541067,0.094566
2.000000,10.000000,-0.056091,3.073332,6.226666
2.000000,10.000000,-0.056091,3.073332,6.226666,5.111687,11.726066,2.096313
2.000000,11.000000,-0.056091,3.073332,6.226666
2.000000,11.000000,-0.056091,3.073332,6.226666,-2.166109,0.046883,2.834315
2.000000,12.000000,-0.056091,3.073332,6.226666
2.000000,12.000000,-0.056091,3.073332,6.226666,2.751233,10.631687,5.273478
2.000000,13.000000,-0.056091,3.073332,6.226666
2.000000,13.000000,-0.056091,3.073332,6.226666,2.350377,-0.454880,-0.365788
2.000000,14.000000,-0.056091,3.073332,6.226666
2.000000,14.000000,-0.056091,3.073332,6.226666,-1.198340,6.577001,4.924522
2.000000,15.000000,-0.056091,3.073332,6.226666
2.000000,15.000000,-0.056091,3.073332,6.226666,1.250692,2.728304,2.582698
2.000000,15.000000,-0.056091,3.073332,6.226666,1.250692,2.728304,2.582698,2.899577,1.223164,-1.272523
2.000000,16.000000,-0.056091,3.073332,6.226666
2.000000,16.000000,-0.056091,3.073332,6.226666,3.352523,2.828291,3.890976
2.000000,16.000000,-0.056091,3.073332,6.226666,3.352523,2.828291,3.890976,8.911304,2.163894,0.780991
2.000000,17.000000,-0.056091,3.073332,6.226666
2.000000,17.000000,-0.056091,3.073332,6.226666,-0.467278,9.908528,1.223023
2.000000,18.000000,-0.056091,3.073332,6.226666
2.000000,18.000000,-0.056091,3.073332,6.226666,4.566193,9.905429,6.171886
2.000000,19.000000,-0.056091,3.073332,6.226666
2.000000,19.000000,-0.056091,3.073332,6.226666,-1.860464,4.306840,0.519307
2.000000,20.000000,-0.056091,3.073332,6.226666
2.000000,20.000000,-0.056091,3.073332,6.226666,4.239234,5.715307,5.396609
2.000000,21.000000,-0.056091,3.073332,6.226666
2.000000,21.000000,-0.056091,3.073332,6.226666,1.666524,-0.022058,1.556500
2.000000,22.000000,-0.056091,3.073332,6.226666
2.000000,22.000000,-0.056091,3.073332,6.226666,6.650375,4.346485,0.538871
2.000000,23.000000,-0.056091,3.073332,6.226666
2.000000,23.000000,-0.056091,3.073332,6.226666,2.382617,2.258126,7.158706
2.000000,24.000000,-0.056091,3.073332,6.226666
2.000000,24.000000,-0.056091,3.073332,6.226666,5.035135,6.615190,3.952545
2.000000,25.000000,-0.056091,3.073332,6.226666
2.000000,25.000000,-0.056091,3.073332,6.226666,2.423941,7.445514,5.901864
2.000000,26.000000,-0.056091,3.073332,6.226666
2.000000,26.000000,-0.056091,3.073332,6.226666,-1.841481,1.708317,0.473131
3.000000,0.000000,2.870217,9.973026,-1.681069
3.000000,0.000000,2.870217,9.973026,-1.681069,1.838246,5.324497,2.370138
3.000000,0.000000,2.870217,9.973026,-1.681069,1.838246,5.324497,2.370138,1.800000,4.700000,2.700000
3.000000,1.000000,2.870217,9.973026,-1.681069
3.000000,1.000000,2.870217,9.973026,-1.681069,5.476487,3.283045,-0.658955
3.000000,2.000000,2.870217,9.973026,-1.681069
3.000000,2.000000,2.870217,9.973026,-1.681069,-0.056091,3.073332,6.226666
3.000000,4.000000,2.870217,9.973026,-1.681069
3.000000,4.000000,2.870217,9.973026,-1.681069,4.790128,13.284712,6.218090
3.000000,5.000000,2.870217,9.973026,-1.681069
3.000000,5.000000,2.870217,9.973026,-1.681069,3.835970,-2.185853,2.763561
3.000000,6.000000,2.870217,9.973026,-1.681069
3.000000,6.000000,2.870217,9.973026,-1.681069,-1.387936,8.388021,3.000297
3.000000,7.000000,2.870217,9.973026,-1.681069
3.000000,7.000000,2.870217,9.973026,-1.681069,1.363881,2.557896,-2.216419
3.000000,8.000000,2.870217,9.973026,-1.681069
3.000000,8.000000,2.870217,9.973026,-1.681069,4.239192,2.243712,7.193132
3.000000,9.000000,2.870217,9.973026,-1.681069
3.000000,9.000000,2.870217,9.973026,-1.681069,-0.474622,2.541067,0.094566
3.000000,10.000000,2.870217,9.973026,-1.681069
3.000000,10.000000,2.870217,9.973026,-1.681069,5.111687,11.726066,2.096313
3.000000,11.000000,2.870217,9.973026,-1.681069
3.000000,11.000000,2.870217,9.973026,-1.681069,-2.166109,0.046883,2.834315
3.000000,12.000000,2.870217,9.973026,-1.681069
3.000000,12.000000,2.870217,9.973026,-1.681069,3.257051,10.222166,2.468026
3.000000,12.000000,2.870217,9.973026,-1.681069,3.257051,10.222166,2.468026,2.751233,10.631687,5.273478
3.000000,13.000000,2.870217,9.973026,-1.681069
3.000000,13.000000,2.870217,9.973026,-1.681069,2.350377,-0.454880,-0.365788
3.000000,14.000000,2.870217,9.973026,-1.681069
3.000000,14.000000,2.870217,9.973026,-1.681069,-1.198340,6.577001,4.924522
3.000000,15.000000,2.870217,9.973026,-1.681069
3.000000,15.000000,2.870217,9.973026,-1.681069,2.899577,1.223164,-1.272523
3.000000,16.000000,2.870217,9.973026,-1.681069
3.000000,16.000000,2.870217,9.973026,-1.681069,8.911304,2.163894,0.780991
3.000000,17.000000,2.870217,9.973026,-1.681069
3.000000,17.000000,2.870217,9.973026,-1.681069,-0.467278,9.908528,1.223023
3.000000,18.000000,2.870217,9.973026,-1.681069
3.000000,18.000000,2.870217,9.973026,-1.681069,4.566193,9.905429,6.171886
3.000000,19.000000,2.870217,9.973026,-1.681069
3.000000,19.000000,2.870217,9.973026,-1.681069,-1.860464,4.306840,0.519307
3.000000,20.000000,2.870217,9.973026,-1.681069
3.000000,20.000000,2.870217,9.973026,-1.681069,4.239234,5.715307,5.396609
3.000000,21.000000,2.870217,9.973026,-1.681069
3.000000,21.000000,2.870217,9.973026,-1.681069,1.666524,-0.022058,1.556500
3.000000,22.000000,2.870217,9.973026,-1.681069
3.000000,22.000000,2.870217,9.973026,-1.681069,6.650375,4.346485,0.538871
3.000000,23.000000,2.870217,9.973026,-1.681069
3.000000,23.000000,2.870217,9.973026,-1.681069,3.007670,6.212690,2.189234
3.000000,23.000000,2.870217,9.973026,-1.681069,3.007670,6.212690,2.189234,2.382617,2.258126,7.158706
3.000000,24.000000,2.870217,9.973026,-1.681069
3.000000,24.000000,2.870217,9.973026,-1.681069,5.035135,6.615190,3.952545
3.000000,25.000000,2.870217,9.973026,-1.681069
3.000000,25.000000,2.870217,9.973026,-1.681069,3.029785,8.375254,2.449855
3.000000,25.000000,2.870217,9.973026,-1.681069,3.029785,8.375254,2.449855,2.423941,7.445514,5.901864
3.000000,26.000000,2.870217,9.973026,-1.681069
3.000000,26.000000,2.870217,9.973026,-1.681069,-1.841481,1.708317,0.473131
4.000000,0.000000,4.790128,13.284712,6.218090
4.000000,0.000000,4.790128,13.284712,6.218090,1.800000,4.700000,2.700000
4.000000,1.000000,4.790128,13.284712,6.218090
4.000000,1.000000,4.790128,13.284712,6.218090,5.476487,3.283045,-0.658955
4.000000,2.000000,4.790128,13.284712,6.218090
4.000000,2.000000,4.790128,13.284712,6.218090,-0.056091,3.073332,6.226666
4.000000,3.000000,4.790128,13.284712,6.218090
4.000000,3.000000,4.790128,13.284712,6.218090,2.870217,9.973026,-1.681069
4.000000,5.000000,4.790128,13.284712,6.218090
4.000000,5.000000,4.790128,13.284712,6.218090,3.835970,-2.185853,2.763561
4.000000,6.000000,4.790128,13.284712,6.218090
4.000000,6.000000,4.790128,13.284712,6.218090,-1.387936,8.388021,3.000297
4.000000,7.000000,4.790128,13.284712,6.218090
4.000000,7.000000,4.790128,13.284712,6.218090,1.363881,2.557896,-2.216419
4.000000,8.000000,4.790128,13.284712,6.218090
4.000000,8.000000,4.790128,13.284712,6.218090,4.239192,2.243712,7.193132
4.000000,9.000000,4.790128,13.284712,6.218090
4.000000,9.000000,4.790128,13.284712,6.218090,-0.474622,2.541067,0.094566
4.000000,10.000000,4.790128,13.284712,6.218090
4.000000,10.000000,4.790128,13.284712,6.218090,5.111687,11.726066,2.096313
4.000000,11.000000,4.790128,13.284712,6.218090
4.000000,11.000000,4.790128,13.284712,6.218090,-2.166109,0.046883,2.834315
4.000000,12.000000,4.790128,13.284712,6.218090
4.000000,12.000000,4.790128,13.284712,6.218090,2.751233,10.631687,5.273478
4.000000,13.000000,4.790128,13.284712,6.218090
4.000000,13.000000,4.790128,13.284712,6.218090,2.350377,-0.454880,-0.365788
4.000000,14.000000,4.790128,13.284712,6.218090
4.000000,14.000000,4.790128,13.284712,6.218090,-1.198340,6.577001,4.924522
4.000000,15.000000,4.790128,13.284712,6.218090
4.000000,15.000000,4.790128,13.284712,6.218090,2.899577,1.223164,-1.272523
4.000000,16.000000,4.790128,13.284712,6.218090
4.000000,16.000000,4.790128,13.284712,6.218090,8.911304,2.163894,0.780991
4.000000,17.000000,4.790128,13.284712,6.218090
4.000000,17.000000,4.790128,13.284712,6.218090,-0.467278,9.908528,1.223023
4.000000,18.000000,4.790128,13.284712,6.218090
4.000000,18.000000,4.790128,13.284712,6.218090,4.566193,9.905429,6.171886
4.000000,19.000000,4.790128,13.284712,6.218090
4.000000,19.000000,4.790128,13.284712,6.218090,-1.860464,4.306840,0.519307
4.000000,20.000000,4.790128,13.284712,6.218090
4.000000,20.000000,4.790128,13.284712,6.218090,4.239234,5.715307,5.396609
4.000000,21.000000,4.790128,13.284712,6.218090
4.000000,21.000000,4.790128,13.284712,6.218090,3.501576,5.201756,2.779352
4.000000,21.000000,4.790128,13.284712,6.218090,3.501576,5.201756,2.779352,1.666524,-0.022058,1.556500
4.000000,22.000000,4.790128,13.284712,6.218090
4.000000,22.000000,4.790128,13.284712,6.218090,6.650375,4.346485,0.538871
4.000000,23.000000,4.790128,13.284712,6.218090
4.000000,23.000000,4.790128,13.284712,6.218090,2.382617,2.258126,7.158706
4.000000,24.000000,4.790128,13.284712,6.218090
4.000000,24.000000,4.790128,13.284712,6.218090,5.035135,6.615190,3.952545
4.000000,25.000000,4.790128,13.284712,6.218090
4.000000,25.000000,4.790128,13.284712,6.218090,2.423941,7.445514,5.901864
4.000000,26.000000,4.790128,13.284712,6.218090
4.000000,26.000000,4.790128,13.284712,6.218090,-1.841481,1.708317,0.473131
5.000000,0.000000,3.835970,-2.185853,2.763561
5.000000,0.000000,3.835970,-2.185853,2.763561,2.382761,2.246849,3.265587
5.000000,0.000000,3.835970,-2.185853,2.763561,2.382761,2.246849,3.265587,1.800000,4.700000,2.700000
5.000000,1.000000,3.835970,-2.185853,2.763561
5.000000,1.000000,3.835970,-2.185853,2.763561,5.476487,3.283045,-0.658955
5.000000,2.000000,3.835970,-2.185853,2.763561
5.000000,2.000000,3.835970,-2.185853,2.763561,-0.056091,3.073332,6.226666
5.000000,3.000000,3.835970,-2.185853,2.763561
5.000000,3.000000,3.835970,-2.185853,2.763561,2.870217,9.973026,-1.681069
5.000000,4.000000,3.835970,-2.185853,2.763561
5.000000,4.000000,3.835970,-2.185853,2.763561,4.790128,13.284712,6.218090
5.000000,6.000000,3.835970,-2.185853,2.763561
5.000000,6.000000,3.835970,-2.185853,2.763561,2.293161,1.318222,3.081864
5.000000,6.000000,3.835970,-2.185853,2.763561,2.293161,1.318222,3.081864,-1.387936,8.388021,3.000297
5.000000,7.000000,3.835970,-2.185853,2.763561
5.000000,7.000000,3.835970,-2.185853,2.763561,1.363881,2.557896,-2.216419
5.000000,8.000000,3.835970,-2.185853,2.763561
5.000000,8.000000,3.835970,-2.185853,2.763561,4.239192,2.243712,7.193132
5.000000,9.000000,3.835970,-2.185853,2.763561
5.000000,9.000000,3.835970,-2.185853,2.763561,-0.474622,2.541067,0.094566
5.000000,10.000000,3.835970,-2.185853,2.763561
5.000000,10.000000,3.835970,-2.185853,2.763561,4.209190,3.007225,2.030877
5.000000,10.000000,3.835970,-2.185853,2.763561,4.209190,3.007225,2.030877,5.111687,11.726066,2.096313
5.000000,11.000000,3.835970,-2.185853,2.763561
5.000000,11.000000,3.835970,-2.185853,2.763561,-2.166109,0.046883,2.834315
5.000000,12.000000,3.835970,-2.185853,2.763561
5.000000,12.000000,3.835970,-2.185853,2.763561,2.751233,10.631687,5.273478
5.000000,13.000000,3.835970,-2.185853,2.763561
5.000000,13.000000,3.835970,-2.185853,2.763561,2.350377,-0.454880,-0.365788
5.000000,14.000000,3.835970,-2.185853,2.763561
5.000000,14.000000,3.835970,-2.185853,2.763561,-1.198340,6.577001,4.924522
5.000000,15.000000,3.835970,-2.185853,2.763561
5.000000,15.000000,3.835970,-2.185853,2.763561,2.899577,1.223164,-1.272523
5.000000,16.000000,3.835970,-2.185853,2.763561
5.000000,16.000000,3.835970,-2.185853,2.763561,8.911304,2.163894,0.780991
5.000000,17.000000,3.835970,-2.185853,2.763561
5.000000,17.000000,3.835970,-2.185853,2.763561,-0.467278,9.908528,1.223023
5.000000,18.000000,3.835970,-2.185853,2.763561
5.000000,18.000000,3.835970,-2.185853,2.763561,4.566193,9.905429,6.171886
5.000000,19.000000,3.835970,-2.185853,2.763561
5.000000,19.000000,3.835970,-2.185853,2.763561,-1.860464,4.306840,0.519307
5.000000,20.000000,3.835970,-2.185853,2.763561
5.000000,20.000000,3.835970,-2.185853,2.763561,4.239234,5.715307,5.396609
5.000000,21.000000,3.835970,-2.185853,2.763561
5.000000,21.000000,3.835970,-2.185853,2.763561,1.666524,-0.022058,1.556500
5.000000,22.000000,3.835970,-2.185853,2.763561
5.000000,22.000000,3.835970,-2.185853,2.763561,6.650375,4.346485,0.538871
5.000000,23.000000,3.835970,-2.185853,2.763561
5.000000,23.000000,3.835970,-2.185853,2.763561,2.382617,2.258126,7.158706
5.000000,24.000000,3.835970,-2.185853,2.763561
5.000000,24.000000,3.835970,-2.185853,2.763561,4.093325,1.320133,3.287369
5.000000,24.000000,3.835970,-2.185853,2.763561,4.093325,1.320133,3.287369,5.035135,6.615190,3.952545
5.000000,25.000000,3.835970,-2.185853,2.763561
5.000000,25.000000,3.835970,-2.185853,2.763561,2.423941,7.445514,5.901864
5.000000,26.000000,3.835970,-2.185853,2.763561
5.000000,26.000000,3.835970,-2.185853,2.763561,-1.841481,1.708317,0.473131
6.000000,0.000000,-1.387936,8.388021,3.000297
6.000000,0.000000,-1.387936,8.388021,3.000297,1.800000,4.700000,2.700000
6.000000,1.000000,-1.387936,8.388021,3.000297
6.000000,1.000000,-1.387936,8.388021,3.000297,5.476487,3.283045,-0.658955
6.000000,2.000000,-1.387936,8.388021,3.000297
6.000000,2.000000,-1.387936,8.388021,3.000297,-0.056091,3.073332,6.226666
6.000000,3.000000,-1.387936,8.388021,3.000297
6.000000,3.000000,-1.387936,8.388021,3.000297,2.870217,9.973026,-1.681069
6.000000,4.000000,-1.387936,8.388021,3.000297
6.000000,4.000000,-1.387936,8.388021,3.000297,4.790128,13.284712,6.218090
6.000000,5.000000,-1.387936,8.388021,3.000297
6.000000,5.000000,-1.387936,8.388021,3.000297,2.293161,1.318222,3.081864
6.000000,5.000000,-1.387936,8.388021,3.000297,2.293161,1.318222,3.081864,3.835970,-2.185853,2.763561
6.000000,7.000000,-1.387936,8.388021,3.000297
6.000000,7.000000,-1.387936,8.388021,3.000297,1.363881,2.557896,-2.216419
6.000000,8.000000,-1.387936,8.388021,3.000297
6.000000,8.000000,-1.387936,8.388021,3.000297,4.239192,2.243712,7.193132
6.000000,9.000000,-1.387936,8.388021,3.000297
6.000000,9.000000,-1.387936,8.388021,3.000297,-0.474622,2.541067,0.094566
6.000000,10.000000,-1.387936,8.388021,3.000297
6.000000,10.000000,-1.387936,8.388021,3.000297,2.164762,10.010570,2.069163
6.000000,10.000000,-1.387936,8.388021,3.000297,2.164762,10.010570,2.069163,5.111687,11.726066,2.096313
6.000000,11.000000,-1.387936,8.388021,3.000297
6.000000,11.000000,-1.387936,8.388021,3.000297,-2.166109,0.046883,2.834315
6.000000,12.000000,-1.387936,8.388021,3.000297
6.000000,12.000000,-1.387936,8.388021,3.000297,2.751233,10.631687,5.273478
6.000000,13.000000,-1.387936,8.388021,3.000297
6.000000,13.000000,-1.387936,8.388021,3.000297,2.350377,-0.454880,-0.365788
6.000000,14.000000,-1.387936,8.388021,3.000297
6.000000,14.000000,-1.387936,8.388021,3.000297,-1.198340,6.577001,4.924522
6.000000,15.000000,-1.387936,8.388021,3.000297
6.000000,15.000000,-1.387936,8.388021,3.000297,0.198385,5.262120,1.490806
6.000000,15.000000,-1.387936,8.388021,3.000297,0.198385,5.262120,1.490806,2.899577,1.223164,-1.272523
6.000000,16.000000,-1.387936,8.388021,3.000297
6.000000,16.000000,-1.387936,8.388021,3.000297,8.911304,2.163894,0.780991
6.000000,17.000000,-1.387936,8.388021,3.000297
6.000000,17.000000,-1.387936,8.388021,3.000297,-0.467278,9.908528,1.223023
6.000000,18.000000,-1.387936,8.388021,3.000297
6.000000,18.000000,-1.387936,8.388021,3.000297,4.566193,9.905429,6.171886
6.000000,19.000000,-1.387936,8.388021,3.000297
6.000000,19.000000,-1.387936,8.388021,3.000297,-1.860464,4.306840,0.519307
6.000000,20.000000,-1.387936,8.388021,3.000297
6.000000,20.000000,-1.387936,8.388021,3.000297,4.239234,5.715307,5.396609
6.000000,21.000000,-1.387936,8.388021,3.000297
6.000000,21.000000,-1.387936,8.388021,3.000297,1.666524,-0.022058,1.556500
6.000000,22.000000,-1.387936,8.388021,3.000297
6.000000,22.000000,-1.387936,8.388021,3.000297,6.650375,4.346485,0.538871
6.000000,23.000000,-1.387936,8.388021,3.000297
6.000000,23.000000,-1.387936,8.388021,3.000297,2.382617,2.258126,7.158706
6.000000,24.000000,-1.387936,8.388021,3.000297
6.000000,24.000000,-1.387936,8.388021,3.000297,5.035135,6.615190,3.952545
6.000000,25.000000,-1.387936,8.388021,3.000297
6.000000,25.000000,-1.387936,8.388021,3.000297,2.423941,7.445514,5.901864
6.000000,26.000000,-1.387936,8.388021,3.000297
6.000000,26.000000,-1.387936,8.388021,3.000297,-1.841481,1.708317,0.473131
7.000000,0.000000,1.363881,2.557896,-2.216419
7.000000,0.000000,1.363881,2.557896,-2.216419,1.632687,3.955728,2.263994
7.000000,0.000000,1.363881,2.557896,-2.216419,1.632687,3.955728,2.263994,1.800000,4.700000,2.700000
7.000000,1.000000,1.363881,2.557896,-2.216419
7.000000,1.000000,1.363881,2.557896,-2.216419,5.476487,3.283045,-0.658955
7.000000,2.000000,1.363881,2.557896,-2.216419
7.000000,2.000000,1.363881,2.557896,-2.216419,-0.056091,3.073332,6.226666
7.000000,3.000000,1.363881,2.557896,-2.216419
7.000000,3.000000,1.363881,2.557896,-2.216419,2.870217,9.973026,-1.681069
7.000000,4.000000,1.363881,2.557896,-2.216419
7.000000,4.000000,1.363881,2.557896,-2.216419,4.790128,13.284712,6.218090
7.000000,5.000000,1.363881,2.557896,-2.216419
7.000000,5.000000,1.363881,2.557896,-2.216419,3.835970,-2.185853,2.763561
7.000000,6.000000,1.363881,2.557896,-2.216419
7.000000,6.000000,1.363881,2.557896,-2.216419,-1.387936,8.388021,3.000297
7.000000,8.000000,1.363881,2.557896,-2.216419
7.000000,8.000000,1.363881,2.557896,-2.216419,2.416725,2.816545,0.469181
7.000000,8.000000,1.363881,2.557896,-2.216419,2.416725,2.816545,0.469181,4.239192,2.243712,7.193132
7.000000,9.000000,1.363881,2.557896,-2.216419
7.000000,9.000000,1.363881,2.557896,-2.216419,-0.474622,2.541067,0.094566
7.000000,10.000000,1.363881,2.557896,-2.216419
7.000000,10.000000,1.363881,2.557896,-2.216419,5.111687,11.726066,2.096313
7.000000,11.000000,1.363881,2.557896,-2.216419
7.000000,11.000000,1.363881,2.557896,-2.216419,-2.166109,0.046883,2.834315
7.000000,12.000000,1.363881,2.557896,-2.216419
7.000000,12.000000,1.363881,2.557896,-2.216419,1.908133,7.111928,1.674287
7.000000,12.000000,1.363881,2.557896,-2.216419,1.908133,7.111928,1.674287,2.751233,10.631687,5.273478
7.000000,13.000000,1.363881,2.557896,-2.216419
7.000000,13.000000,1.363881,2.557896,-2.216419,2.350377,-0.454880,-0.365788
7.000000,14.000000,1.363881,2.557896,-2.216419
7.000000,14.000000,1.363881,2.557896,-2.216419,-1.198340,6.577001,4.924522
7.000000,15.000000,1.363881,2.557896,-2.216419
7.000000,15.000000,1.363881,2.557896,-2.216419,2.899577,1.223164,-1.272523
7.000000,16.000000,1.363881,2.557896,-2.216419
7.000000,16.000000,1.363881,2.557896,-2.216419,8.911304,2.163894,0.780991
7.000000,17.000000,1.363881,2.557896,-2.216419
7.000000,17.000000,1.363881,2.557896,-2.216419,-0.467278,9.908528,1.223023
7.000000,18.000000,1.363881,2.557896,-2.216419
7.000000,18.000000,1.363881,2.557896,-2.216419,4.566193,9.905429,6.171886
7.000000,19.000000,1.363881,2.557896,-2.216419
7.000000,19.000000,1.363881,2.557896,-2.216419,-1.860464,4.306840,0.519307
7.000000,20.000000,1.363881,2.557896,-2.216419
7.000000,20.000000,1.363881,2.557896,-2.216419,3.146646,4.411207,1.938345
7.000000,20.000000,1.363881,2.557896,-2.216419,3.146646,4.411207,1.938345,4.239234,5.715307,5.396609
7.000000,21.000000,1.363881,2.557896,-2.216419
7.000000,21.000000,1.363881,2.557896,-2.216419,1.666524,-0.022058,1.556500
7.000000,22.000000,1.363881,2.557896,-2.216419
7.000000,22.000000,1.363881,2.557896,-2.216419,6.650375,4.346485,0.538871
7.000000,23.000000,1.363881,2.557896,-2.216419
7.000000,23.000000,1.363881,2.557896,-2.216419,1.864860,2.752175,1.899836
7.000000,23.000000,1.363881,2.557896,-2.216419,1.864860,2.752175,1.899836,2.382617,2.258126,7.158706
7.000000,24.000000,1.363881,2.557896,-2.216419
7.000000,24.000000,1.363881,2.557896,-2.216419,5.035135,6.615190,3.952545
7.000000,25.000000,1.363881,2.557896,-2.216419
7.000000,25.000000,1.363881,2.557896,-2.216419,1.745822,4.768526,0.709978
7.000000,25.000000,1.363881,2.557896,-2.216419,1.745822,4.768526,0.709978,2.423941,7.445514,5.901864
7.000000,26.000000,1.363881,2.557896,-2.216419
7.000000,26.000000,1.363881,2.557896,-2.216419,-1.841481,1.708317,0.473131
8.000000,0.000000,4.239192,2.243712,7.193132
8.000000,0.000000,4.239192,2.243712,7.193132,1.800000,4.700000,2.700000
8.000000,1.000000,4.239192,2.243712,7.193132
8.000000,1.000000,4.239192,2.243712,7.193132,5.476487,3.283045,-0.658955
8.000000,2.000000,4.239192,2.243712,7.193132
8.000000,2.000000,4.239192,2.243712,7.193132,-0.056091,3.073332,6.226666
8.000000,3.000000,4.239192,2.243712,7.193132
8.000000,3.000000,4.239192,2.243712,7.193132,2.870217,9.973026,-1.681069
8.000000,4.000000,4.239192,2.243712,7.193132
8.000000,4.000000,4.239192,2.243712,7.193132,4.790128,13.284712,6.218090
8.000000,5.000000,4.239192,2.243712,7.193132
8.000000,5.000000,4.239192,2.243712,7.193132,3.835970,-2.185853,2.763561
8.000000,6.000000,4.239192,2.243712,7.193132
8.000000,6.000000,4.239192,2.243712,7.193132,-1.387936,8.388021,3.000297
8.000000,7.000000,4.239192,2.243712,7.193132
8.000000,7.000000,4.239192,2.243712,7.193132,2.416725,2.816545,0.469181
8.000000,7.000000,4.239192,2.243712,7.193132,2.416725,2.816545,0.469181,1.363881,2.557896,-2.216419
8.000000,9.000000,4.239192,2.243712,7.193132
8.000000,9.000000,4.239192,2.243712,7.193132,1.382653,2.863595,3.187782
8.000000,9.000000,4.239192,2.243712,7.193132,1.382653,2.863595,3.187782,-0.474622,2.541067,0.094566
8.000000,10.000000,4.239192,2.243712,7.193132
8.000000,10.000000,4.239192,2.243712,7.193132,5.111687,11.726066,2.096313
8.000000,11.000000,4.239192,2.243712,7.193132
8.000000,11.000000,4.239192,2.243712,7.193132,-2.166109,0.046883,2.834315
8.000000,12.000000,4.239192,2.243712,7.193132
8.000000,12.000000,4.239192,2.243712,7.193132,2.751233,10.631687,5.273478
8.000000,13.000000,4.239192,2.243712,7.193132
8.000000,13.000000,4.239192,2.243712,7.193132,2.350377,-0.454880,-0.365788
8.000000,14.000000,4.239192,2.243712,7.193132
8.000000,14.000000,4.239192,2.243712,7.193132,-1.198340,6.577001,4.924522
8.000000,15.000000,4.239192,2.243712,7.193132
8.000000,15.000000,4.239192,2.243712,7.193132,2.899577,1.223164,-1.272523
8.000000,16.000000,4.239192,2.243712,7.193132
8.000000,16.000000,4.239192,2.243712,7.193132,8.911304,2.163894,0.780991
8.000000,17.000000,4.239192,2.243712,7.193132
8.000000,17.000000,4.239192,2.243712,7.193132,-0.467278,9.908528,1.223023
8.000000,18.000000,4.239192,2.243712,7.193132
8.000000,18.000000,4.239192,2.243712,7.193132,4.566193,9.905429,6.171886
8.000000,19.000000,4.239192,2.243712,7.193132
8.000000,19.000000,4.239192,2.243712,7.193132,-1.860464,4.306840,0.519307
8.000000,20.000000,4.239192,2.243712,7.193132
8.000000,20.000000,4.239192,2.243712,7.193132,4.239234,5.715307,5.396609
8.000000,21.000000,4.239192,2.243712,7.193132
8.000000,21.000000,4.239192,2.243712,7.193132,1.666524,-0.022058,1.556500
8.000000,22.000000,4.239192,2.243712,7.193132
8.000000,22.000000,4.239192,2.243712,7.193132,6.650375,4.346485,0.538871
8.000000,23.000000,4.239192,2.243712,7.193132
8.000000,23.000000,4.239192,2.243712,7.193132,2.382617,2.258126,7.158706
8.000000,24.000000,4.239192,2.243712,7.193132
8.000000,24.000000,4.239192,2.243712,7.193132,5.035135,6.615190,3.952545
8.000000,25.000000,4.239192,2.243712,7.193132
8.000000,25.000000,4.239192,2.243712,7.193132,2.423941,7.445514,5.901864
8.000000,26.000000,4.239192,2.243712,7.193132
8.000000,26.000000,4.239192,2.243712,7.193132,-1.841481,1.708317,0.473131
9.000000,0.000000,-0.474622,2.541067,0.094566
9.000000,0.000000,-0.474622,2.541067,0.094566,1.381839,4.420539,2.419843
9.000000,0.000000,-0.474622,2.541067,0.094566,1.381839,4.420539,2.419843,1.800000,4.700000,2.700000
9.000000,1.000000,-0.474622,2.541067,0.094566
9.000000,1.000000,-0.474622,2.541067,0.094566,5.476487,3.283045,-0.658955
9.000000,2.000000,-0.474622,2.541067,0.094566
9.000000,2.000000,-0.474622,2.541067,0.094566,-0.056091,3.073332,6.226666
9.000000,3.000000,-0.474622,2.541067,0.094566
9.000000,3.000000,-0.474622,2.541067,0.094566,2.870217,9.973026,-1.681069
9.000000,4.000000,-0.474622,2.541067,0.094566
9.000000,4.000000,-0.474622,2.541067,0.094566,4.790128,13.284712,6.218090
9.000000,5.000000,-0.474622,2.541067,0.094566
9.000000,5.000000,-0.474622,2.541067,0.094566,3.835970,-2.185853,2.763561
9.000000,6.000000,-0.474622,2.541067,0.094566
9.000000,6.000000,-0.474622,2.541067,0.094566,-1.387936,8.388021,3.000297
9.000000,7.000000,-0.474622,2.541067,0.094566
9.000000,7.000000,-0.474622,2.541067,0.094566,1.363881,2.557896,-2.216419
9.000000,8.000000,-0.474622,2.541067,0.094566
9.000000,8.000000,-0.474622,2.541067,0.094566,1.382653,2.863595,3.187782
9.000000,8.000000,-0.474622,2.541067,0.094566,1.382653,2.863595,3.187782,4.239192,2.243712,7.193132
9.000000,10.000000,-0.474622,2.541067,0.094566
9.000000,10.000000,-0.474622,2.541067,0.094566,2.700956,7.547556,1.100414
9.000000,10.000000,-0.474622,2.541067,0.094566,2.700956,7.547556,1.100414,5.111687,11.726066,2.096313
9.000000,11.000000,-0.474622,2.541067,0.094566
9.000000,11.000000,-0.474622,2.541067,0.094566,-2.166109,0.046883,2.834315
9.000000,12.000000,-0.474622,2.541067,0.094566
9.000000,12.000000,-0.474622,2.541067,0.094566,2.751233,10.631687,5.273478
9.000000,13.000000,-0.474622,2.541067,0.094566
9.000000,13.000000,-0.474622,2.541067,0.094566,2.350377,-0.454880,-0.365788
9.000000,14.000000,-0.474622,2.541067,0.094566
9.000000,14.000000,-0.474622,2.541067,0.094566,-1.198340,6.577001,4.924522
9.000000,15.000000,-0.474622,2.541067,0.094566
9.000000,15.000000,-0.474622,2.541067,0.094566,2.899577,1.223164,-1.272523
9.000000,16.000000,-0.474622,2.541067,0.094566
9.000000,16.000000,-0.474622,2.541067,0.094566,8.911304,2.163894,0.780991
9.000000,17.000000,-0.474622,2.541067,0.094566
9.000000,17.000000,-0.474622,2.541067,0.094566,-0.467278,9.908528,1.223023
9.000000,18.000000,-0.474622,2.541067,0.094566
9.000000,18.000000,-0.474622,2.541067,0.094566,2.038782,6.343469,3.262935
9.000000,18.000000,-0.474622,2.541067,0.094566,2.038782,6.343469,3.262935,4.566193,9.905429,6.171886
9.000000,19.000000,-0.474622,2.541067,0.094566
9.000000,19.000000,-0.474622,2.541067,0.094566,-1.860464,4.306840,0.519307
9.000000,20.000000,-0.474622,2.541067,0.094566
9.000000,20.000000,-0.474622,2.541067,0.094566,4.239234,5.715307,5.396609
9.000000,21.000000,-0.474622,2.541067,0.094566
9.000000,21.000000,-0.474622,2.541067,0.094566,1.666524,-0.022058,1.556500
9.000000,22.000000,-0.474622,2.541067,0.094566
9.000000,22.000000,-0.474622,2.541067,0.094566,6.650375,4.346485,0.538871
9.000000,23.000000,-0.474622,2.541067,0.094566
9.000000,23.000000,-0.474622,2.541067,0.094566,2.382617,2.258126,7.158706
9.000000,24.000000,-0.474622,2.541067,0.094566
9.000000,24.000000,-0.474622,2.541067,0.094566,1.955072,5.155216,1.623650
9.000000,24.000000,-0.474622,2.541067,0.094566,1.955072,5.155216,1.623650,5.035135,6.615190,3.952545
9.000000,25.000000,-0.474622,2.541067,0.094566
9.000000,25.000000,-0.474622,2.541067,0.094566,2.423941,7.445514,5.901864
9.000000,26.000000,-0.474622,2.541067,0.094566
9.000000,26.000000,-0.474622,2.541067,0.094566,-1.841481,1.708317,0.473131
10.000000,0.000000,5.111687,11.726066,2.096313
10.000000,0.000000,5.111687,11.726066,2.096313,2.542152,6.645995,2.120907
10.000000,0.000000,5.111687,11.726066,2.096313,2.542152,6.645995,2.120907,1.800000,4.700000,2.700000
10.000000,1.000000,5.111687,11.726066,2.096313
10.000000,1.000000,5.111687,11.726066,2.096313,5.476487,3.283045,-0.658955
10.000000,2.000000,5.111687,11.726066,2.096313
10.000000,2.000000,5.111687,11.726066,2.096313,-0.056091,3.073332,6.226666
10.000000,3.000000,5.111687,11.726066,2.096313
10.000000,3.000000,5.111687,11.726066,2.096313,2.870217,9.973026,-1.681069
10.000000,4.000000,5.111687,11.726066,2.096313
10.000000,4.000000,5.111687,11.726066,2.096313,4.790128,13.284712,6.218090
10.000000,5.000000,5.111687,11.726066,2.096313
10.000000,5.000000,5.111687,11.726066,2.096313,4.209190,3.007225,2.030877
10.000000,5.000000,5.111687,11.726066,2.096313,4.209190,3.007225,2.030877,3.835970,-2.185853,2.763561
10.000000,6.000000,5.111687,11.726066,2.096313
10.000000,6.000000,5.111687,11.726066,2.096313,2.164762,10.010570,2.069163
10.000000,6.000000,5.111687,11.726066,2.096313,2.164762,10.010570,2.069163,-1.387936,8.388021,3.000297
10.000000,7.000000,5.111687,11.726066,2.096313
10.000000,7.000000,5.111687,11.726066,2.096313,1.363881,2.557896,-2.216419
10.000000,8.000000,5.111687,11.726066,2.096313
10.000000,8.000000,5.111687,11.726066,2.096313,4.239192,2.243712,7.193132
10.000000,9.000000,5.111687,11.726066,2.096313
10.000000,9.000000,5.111687,11.726066,2.096313,2.700956,7.547556,1.100414
10.000000,9.000000,5.111687,11.726066,2.096313,2.700956,7.547556,1.100414,-0.474622,2.541067,0.094566
10.000000,11.000000,5.111687,11.726066,2.096313
10.000000,11.000000,5.111687,11.726066,2.096313,2.798564,7.314832,2.111518
10.000000,11.000000,5.111687,11.726066,2.096313,2.798564,7.314832,2.111518,-2.166109,0.046883,2.834315
10.000000,12.000000,5.111687,11.726066,2.096313
10.000000,12.000000,5.111687,11.726066,2.096313,2.751233,10.631687,5.273478
10.000000,13.000000,5.111687,11.726066,2.096313
10.000000,13.000000,5.111687,11.726066,2.096313,2.350377,-0.454880,-0.365788
10.000000,14.000000,5.111687,11.726066,2.096313
10.000000,14.000000,5.111687,11.726066,2.096313,3.517733,10.291470,2.986644
10.000000,14.000000,5.111687,11.726066,2.096313,3.517733,10.291470,2.986644,-1.198340,6.577001,4.924522
10.000000,15.000000,5.111687,11.726066,2.096313
10.000000,15.000000,5.111687,11.726066,2.096313,2.899577,1.223164,-1.272523
10.000000,16.000000,5.111687,11.726066,2.096313
10.000000,16.000000,5.111687,11.726066,2.096313,8.911304,2.163894,0.780991
10.000000,17.000000,5.111687,11.726066,2.096313
10.000000,17.000000,5.111687,11.726066,2.096313,-0.467278,9.908528,1.223023
10.000000,18.000000,5.111687,11.726066,2.096313
10.000000,18.000000,5.111687,11.726066,2.096313,4.566193,9.905429,6.171886
10.000000,19.000000,5.111687,11.726066,2.096313
10.000000,19.000000,5.111687,11.726066,2.096313,-1.860464,4.306840,0.519307
10.000000,20.000000,5.111687,11.726066,2.096313
10.000000,20.000000,5.111687,11.726066,2.096313,4.239234,5.715307,5.396609
10.000000,21.000000,5.111687,11.726066,2.096313
10.000000,21.000000,5.111687,11.726066,2.096313,1.666524,-0.022058,1.556500
10.000000,22.000000,5.111687,11.726066,2.096313
10.000000,22.000000,5.111687,11.726066,2.096313,6.650375,4.346485,0.538871
10.000000,23.000000,5.111687,11.726066,2.096313
10.000000,23.000000,5.111687,11.726066,2.096313,2.382617,2.258126,7.158706
10.000000,24.000000,5.111687,11.726066,2.096313
10.000000,24.000000,5.111687,11.726066,2.096313,5.035135,6.615190,3.952545
10.000000,25.000000,5.111687,11.726066,2.096313
10.000000,25.000000,5.111687,11.726066,2.096313,2.423941,7.445514,5.901864
10.000000,26.000000,5.111687,11.726066,2.096313
10.000000,26.000000,5.111687,11.726066,2.096313,2.742850,7.631627,1.480651
10.000000,26.000000,5.111687,11.726066,2.096313,2.742850,7.631627,1.480651,-1.841481,1.708317,0.473131
11.000000,0.000000,-2.166109,0.046883,2.834315
11.000000,0.000000,-2.166109,0.046883,2.834315,1.800000,4.700000,2.700000
11.000000,1.000000,-2.166109,0.046883,2.834315
11.000000,1.000000,-2.166109,0.046883,2.834315,5.476487,3.283045,-0.658955
11.000000,2.000000,-2.166109,0.046883,2.834315
11.000000,2.000000,-2.166109,0.046883,2.834315,-0.056091,3.073332,6.226666
11.000000,3.000000,-2.166109,0.046883,2.834315
11.000000,3.000000,-2.166109,0.046883,2.834315,2.870217,9.973026,-1.681069
11.000000,4.000000,-2.166109,0.046883,2.834315
11.000000,4.000000,-2.166109,0.046883,2.834315,4.790128,13.284712,6.218090
11.000000,5.000000,-2.166109,0.046883,2.834315
11.000000,5.000000,-2.166109,0.046883,2.834315,3.835970,-2.185853,2.763561
11.000000,6.000000,-2.166109,0.046883,2.834315
11.000000,6.000000,-2.166109,0.046883,2.834315,-1.387936,8.388021,3.000297
11.000000,7.000000,-2.166109,0.046883,2.834315
11.000000,7.000000,-2.166109,0.046883,2.834315,1.363881,2.557896,-2.216419
11.000000,8.000000,-2.166109,0.046883,2.834315
11.000000,8.000000,-2.166109,0.046883,2.834315,4.239192,2.243712,7.193132
11.000000,9.000000,-2.166109,0.046883,2.834315
11.000000,9.000000,-2.166109,0.046883,2.834315,-0.474622,2.541067,0.094566
11.000000,10.000000,-2.166109,0.046883,2.834315
11.000000,10.000000,-2.166109,0.046883,2.834315,2.798564,7.314832,2.111518
11.000000,10.000000,-2.166109,0.046883,2.834315,2.798564,7.314832,2.111518,5.111687,11.726066,2.096313
11.000000,12.000000,-2.166109,0.046883,2.834315
11.000000,12.000000,-2.166109,0.046883,2.834315,2.751233,10.631687,5.273478
11.000000,13.000000,-2.166109,0.046883,2.834315
11.000000,13.000000,-2.166109,0.046883,2.834315,2.350377,-0.454880,-0.365788
11.000000,14.000000,-2.166109,0.046883,2.834315
11.000000,14.000000,-2.166109,0.046883,2.834315,-1.198340,6.577001,4.924522
11.000000,15.000000,-2.166109,0.046883,2.834315
11.000000,15.000000,-2.166109,0.046883,2.834315,2.899577,1.223164,-1.272523
11.000000,16.000000,-2.166109,0.046883,2.834315
11.000000,16.000000,-2.166109,0.046883,2.834315,8.911304,2.163894,0.780991
11.000000,17.000000,-2.166109,0.046883,2.834315
11.000000,17.000000,-2.166109,0.046883,2.834315,-0.467278,9.908528,1.223023
11.000000,18.000000,-2.166109,0.046883,2.834315
11.000000,18.000000,-2.166109,0.046883,2.834315,4.566193,9.905429,6.171886
11.000000,19.000000,-2.166109,0.046883,2.834315
11.000000,19.000000,-2.166109,0.046883,2.834315,-1.860464,4.306840,0.519307
11.000000,20.000000,-2.166109,0.046883,2.834315
11.000000,20.000000,-2.166109,0.046883,2.834315,4.239234,5.715307,5.396609
11.000000,21.000000,-2.166109,0.046883,2.834315
11.000000,21.000000,-2.166109,0.046883,2.834315,1.666524,-0.022058,1.556500
11.000000,22.000000,-2.166109,0.046883,2.834315
11.000000,22.000000,-2.166109,0.046883,2.834315,6.650375,4.346485,0.538871
11.000000,23.000000,-2.166109,0.046883,2.834315
11.000000,23.000000,-2.166109,0.046883,2.834315,2.382617,2.258126,7.158706
11.000000,24.000000,-2.166109,0.046883,2.834315
11.000000,24.000000,-2.166109,0.046883,2.834315,5.035135,6.615190,3.952545
11.000000,25.000000,-2.166109,0.046883,2.834315
11.000000,25.000000,-2.166109,0.046883,2.834315,2.423941,7.445514,5.901864
11.000000,26.000000,-2.166109,0.046883,2.834315
11.000000,26.000000,-2.166109,0.046883,2.834315,-1.841481,1.708317,0.473131
12.000000,0.000000,2.751233,10.631687,5.273478
12.000000,0.000000,2.751233,10.631687,5.273478,1.861172,5.302338,3.029311
12.000000,0.000000,2.751233,10.631687,5.273478,1.861172,5.302338,3.029311,1.800000,4.700000,2.700000
12.000000,1.000000,2.751233,10.631687,5.273478
12.000000,1.000000,2.751233,10.631687,5.273478,5.476487,3.283045,-0.658955
12.000000,2.000000,2.751233,10.631687,5.273478
12.000000,2.000000,2.751233,10.631687,5.273478,-0.056091,3.073332,6.226666
12.000000,3.000000,2.751233,10.631687,5.273478
12.000000,3.000000,2.751233,10.631687,5.273478,3.257051,10.222166,2.468026
12.000000,3.000000,2.751233,10.631687,5.273478,3.257051,10.222166,2.468026,2.870217,9.973026,-1.681069
12.000000,4.000000,2.751233,10.631687,5.273478
12.000000,4.000000,2.751233,10.631687,5.273478,4.790128,13.284712,6.218090
12.000000,5.000000,2.751233,10.631687,5.273478
12.000000,5.000000,2.751233,10.631687,5.273478,3.835970,-2.185853,2.763561
12.000000,6.000000,2.751233,10.631687,5.273478
12.000000,6.000000,2.751233,10.631687,5.273478,-1.387936,8.388021,3.000297
12.000000,7.000000,2.751233,10.631687,5.273478
12.000000,7.000000,2.751233,10.631687,5.273478,1.908133,7.111928,1.674287
12.000000,7.000000,2.751233,10.631687,5.273478,1.908133,7.111928,1.674287,1.363881,2.557896,-2.216419
12.000000,8.000000,2.751233,10.631687,5.273478
12.000000,8.000000,2.751233,10.631687,5.273478,4.239192,2.243712,7.193132
12.000000,9.000000,2.751233,10.631687,5.273478
12.000000,9.000000,2.751233,10.631687,5.273478,-0.474622,2.541067,0.094566
12.000000,10.000000,2.751233,10.631687,5.273478
12.000000,10.000000,2.751233,10.631687,5.273478,5.111687,11.726066,2.096313
12.000000,11.000000,2.751233,10.631687,5.273478
12.000000,11.000000,2.751233,10.631687,5.273478,-2.166109,0.046883,2.834315
12.000000,13.000000,2.751233,10.631687,5.273478
12.000000,13.000000,2.751233,10.631687,5.273478,2.974935,3.757820,2.162297
12.000000,13.000000,2.751233,10.631687,5.273478,2.974935,3.757820,2.162297,2.350377,-0.454880,-0.365788
12.000000,14.000000,2.751233,10.631687,5.273478
12.000000,14.000000,2.751233,10.631687,5.273478,-1.198340,6.577001,4.924522
12.000000,15.000000,2.751233,10.631687,5.273478
12.000000,15.000000,2.751233,10.631687,5.273478,3.108272,6.649233,2.665991
12.000000,15.000000,2.751233,10.631687,5.273478,3.108272,6.649233,2.665991,2.899577,1.223164,-1.272523
12.000000,16.000000,2.751233,10.631687,5.273478
12.000000,16.000000,2.751233,10.631687,5.273478,8.911304,2.163894,0.780991
12.000000,17.000000,2.751233,10.631687,5.273478
12.000000,17.000000,2.751233,10.631687,5.273478,-0.467278,9.908528,1.223023
12.000000,18.000000,2.751233,10.631687,5.273478
12.000000,18.000000,2.751233,10.631687,5.273478,4.566193,9.905429,6.171886
12.000000,19.000000,2.751233,10.631687,5.273478
12.000000,19.000000,2.751233,10.631687,5.273478,-1.860464,4.306840,0.519307
12.000000,20.000000,2.751233,10.631687,5.273478
12.000000,20.000000,2.751233,10.631687,5.273478,4.239234,5.715307,5.396609
12.000000,21.000000,2.751233,10.631687,5.273478
12.000000,21.000000,2.751233,10.631687,5.273478,1.346669,4.342488,2.659454
12.000000,21.000000,2.751233,10.631687,5.273478,1.346669,4.342488,2.659454,1.666524,-0.022058,1.556500
12.000000,22.000000,2.751233,10.631687,5.273478
12.000000,22.000000,2.751233,10.631687,5.273478,6.650375,4.346485,0.538871
12.000000,23.000000,2.751233,10.631687,5.273478
12.000000,23.000000,2.751233,10.631687,5.273478,2.382617,2.258126,7.158706
12.000000,24.000000,2.751233,10.631687,5.273478
12.000000,24.000000,2.751233,10.631687,5.273478,5.035135,6.615190,3.952545
12.000000,25.000000,2.751233,10.631687,5.273478
12.000000,25.000000,2.751233,10.631687,5.273478,2.423941,7.445514,5.901864
12.000000,26.000000,2.751233,10.631687,5.273478
12.000000,26.000000,2.751233,10.631687,5.273478,-1.841481,1.708317,0.473131
13.000000,0.000000,2.350377,-0.454880,-0.365788
13.000000,0.000000,2.350377,-0.454880,-0.365788,1.800000,4.700000,2.700000
13.000000,1.000000,2.350377,-0.454880,-0.365788
13.000000,1.000000,2.350377,-0.454880,-0.365788,5.476487,3.283045,-0.658955
13.000000,2.000000,2.350377,-0.454880,-0.365788
13.000000,2.000000,2.350377,-0.454880,-0.365788,-0.056091,3.073332,6.226666
13.000000,3.000000,2.350377,-0.454880,-0.365788
13.000000,3.000000,2.350377,-0.454880,-0.365788,2.870217,9.973026,-1.681069
13.000000,4.000000,2.350377,-0.454880,-0.365788
13.000000,4.000000,2.350377,-0.454880,-0.365788,4.790128,13.284712,6.218090
13.000000,5.000000,2.350377,-0.454880,-0.365788
13.000000,5.000000,2.350377,-0.454880,-0.365788,3.835970,-2.185853,2.763561
13.000000,6.000000,2.350377,-0.454880,-0.365788
13.000000,6.000000,2.350377,-0.454880,-0.365788,-1.387936,8.388021,3.000297
13.000000,7.000000,2.350377,-0.454880,-0.365788
13.000000,7.000000,2.350377,-0.454880,-0.365788,1.363881,2.557896,-2.216419
13.000000,8.000000,2.350377,-0.454880,-0.365788
13.000000,8.000000,2.350377,-0.454880,-0.365788,4.239192,2.243712,7.193132
13.000000,9.000000,2.350377,-0.454880,-0.365788
13.000000,9.000000,2.350377,-0.454880,-0.365788,-0.474622,2.541067,0.094566
13.000000,10.000000,2.350377,-0.454880,-0.365788
13.000000,10.000000,2.350377,-0.454880,-0.365788,5.111687,11.726066,2.096313
13.000000,11.000000,2.350377,-0.454880,-0.365788
13.000000,11.000000,2.350377,-0.454880,-0.365788,-2.166109,0.046883,2.834315
13.000000,12.000000,2.350377,-0.454880,-0.365788
13.000000,12.000000,2.350377,-0.454880,-0.365788,2.974935,3.757820,2.162297
13.000000,12.000000,2.350377,-0.454880,-0.365788,2.974935,3.757820,2.162297,2.751233,10.631687,5.273478
13.000000,14.000000,2.350377,-0.454880,-0.365788
13.000000,14.000000,2.350377,-0.454880,-0.365788,-1.198340,6.577001,4.924522
13.000000,15.000000,2.350377,-0.454880,-0.365788
13.000000,15.000000,2.350377,-0.454880,-0.365788,2.899577,1.223164,-1.272523
13.000000,16.000000,2.350377,-0.454880,-0.365788
13.000000,16.000000,2.350377,-0.454880,-0.365788,8.911304,2.163894,0.780991
13.000000,17.000000,2.350377,-0.454880,-0.365788
13.000000,17.000000,2.350377,-0.454880,-0.365788,1.120786,3.609492,0.155646
13.000000,17.000000,2.350377,-0.454880,-0.365788,1.120786,3.609492,0.155646,-0.467278,9.908528,1.223023
13.000000,18.000000,2.350377,-0.454880,-0.365788
13.000000,18.000000,2.350377,-0.454880,-0.365788,4.566193,9.905429,6.171886
13.000000,19.000000,2.350377,-0.454880,-0.365788
13.000000,19.000000,2.350377,-0.454880,-0.365788,-1.860464,4.306840,0.519307
13.000000,20.000000,2.350377,-0.454880,-0.365788
13.000000,20.000000,2.350377,-0.454880,-0.365788,2.947079,1.473032,1.259770
13.000000,20.000000,2.350377,-0.454880,-0.365788,2.947079,1.473032,1.259770,4.239234,5.715307,5.396609
13.000000,21.000000,2.350377,-0.454880,-0.365788
13.000000,21.000000,2.350377,-0.454880,-0.365788,1.666524,-0.022058,1.556500
13.000000,22.000000,2.350377,-0.454880,-0.365788
13.000000,22.000000,2.350377,-0.454880,-0.365788,6.650375,4.346485,0.538871
13.000000,23.000000,2.350377,-0.454880,-0.365788
13.000000,23.000000,2.350377,-0.454880,-0.365788,2.382617,2.258126,7.158706
13.000000,24.000000,2.350377,-0.454880,-0.365788
13.000000,24.000000,2.350377,-0.454880,-0.365788,5.035135,6.615190,3.952545
13.000000,25.000000,2.350377,-0.454880,-0.365788
13.000000,25.000000,2.350377,-0.454880,-0.365788,1.972701,2.882014,2.035594
13.000000,25.000000,2.350377,-0.454880,-0.365788,1.972701,2.882014,2.035594,2.423941,7.445514,5.901864
13.000000,26.000000,2.350377,-0.454880,-0.365788
13.000000,26.000000,2.350377,-0.454880,-0.365788,-1.841481,1.708317,0.473131
14.000000,0.000000,-1.198340,6.577001,4.924522
14.000000,0.000000,-1.198340,6.577001,4.924522,1.800000,4.700000,2.700000
14.000000,1.000000,-1.198340,6.577001,4.924522
14.000000,1.000000,-1.198340,6.577001,4.924522,2.212491,5.430987,2.029345
14.000000,1.000000,-1.198340,6.577001,4.924522,2.212491,5.430987,2.029345,5.476487,3.283045,-0.658955
14.000000,2.000000,-1.198340,6.577001,4.924522
14.000000,2.000000,-1.198340,6.577001,4.924522,-0.056091,3.073332,6.226666
14.000000,3.000000,-1.198340,6.577001,4.924522
14.000000,3.000000,-1.198340,6.577001,4.924522,2.870217,9.973026,-1.681069
14.000000,4.000000,-1.198340,6.577001,4.924522
14.000000,4.000000,-1.198340,6.577001,4.924522,4.790128,13.284712,6.218090
14.000000,5.000000,-1.198340,6.577001,4.924522
14.000000,5.000000,-1.198340,6.577001,4.924522,3.835970,-2.185853,2.763561
14.000000,6.000000,-1.198340,6.577001,4.924522
14.000000,6.000000,-1.198340,6.577001,4.924522,-1.387936,8.388021,3.000297
14.000000,7.000000,-1.198340,6.577001,4.924522
14.000000,7.000000,-1.198340,6.577001,4.924522,1.363881,2.557896,-2.216419
14.000000,8.000000,-1.198340,6.577001,4.924522
14.000000,8.000000,-1.198340,6.577001,4.924522,4.239192,2.243712,7.193132
14.000000,9.000000,-1.198340,6.577001,4.924522
14.000000,9.000000,-1.198340,6.577001,4.924522,-0.474622,2.541067,0.094566
14.000000,10.000000,-1.198340,6.577001,4.924522
14.000000,10.000000,-1.198340,6.577001,4.924522,3.517733,10.291470,2.986644
14.000000,10.000000,-1.198340,6.577001,4.924522,3.517733,10.291470,2.986644,5.111687,11.726066,2.096313
14.000000,11.000000,-1.198340,6.577001,4.924522
14.000000,11.000000,-1.198340,6.577001,4.924522,-2.166109,0.046883,2.834315
14.000000,12.000000,-1.198340,6.577001,4.924522
14.000000,12.000000,-1.198340,6.577001,4.924522,2.751233,10.631687,5.273478
14.000000,13.000000,-1.198340,6.577001,4.924522
14.000000,13.000000,-1.198340,6.577001,4.924522,2.350377,-0.454880,-0.365788
14.000000,15.000000,-1.198340,6.577001,4.924522
14.000000,15.000000,-1.198340,6.577001,4.924522,2.899577,1.223164,-1.272523
14.000000,16.000000,-1.198340,6.577001,4.924522
14.000000,16.000000,-1.198340,6.577001,4.924522,8.911304,2.163894,0.780991
14.000000,17.000000,-1.198340,6.577001,4.924522
14.000000,17.000000,-1.198340,6.577001,4.924522,-0.467278,9.908528,1.223023
14.000000,18.000000,-1.198340,6.577001,4.924522
14.000000,18.000000,-1.198340,6.577001,4.924522,4.566193,9.905429,6.171886
14.000000,19.000000,-1.198340,6.577001,4.924522
14.000000,19.000000,-1.198340,6.577001,4.924522,-1.860464,4.306840,0.519307
14.000000,20.000000,-1.198340,6.577001,4.924522
14.000000,20.000000,-1.198340,6.577001,4.924522,4.239234,5.715307,5.396609
14.000000,21.000000,-1.198340,6.577001,4.924522
14.000000,21.000000,-1.198340,6.577001,4.924522,1.666524,-0.022058,1.556500
14.000000,22.000000,-1.198340,6.577001,4.924522
14.000000,22.000000,-1.198340,6.577001,4.924522,2.361920,5.453572,3.260653
14.000000,22.000000,-1.198340,6.577001,4.924522,2.361920,5.453572,3.260653,6.650375,4.346485,0.538871
14.000000,23.000000,-1.198340,6.577001,4.924522
14.000000,23.000000,-1.198340,6.577001,4.924522,2.382617,2.258126,7.158706
14.000000,24.000000,-1.198340,6.577001,4.924522
14.000000,24.000000,-1.198340,6.577001,4.924522,5.035135,6.615190,3.952545
14.000000,25.000000,-1.198340,6.577001,4.924522
14.000000,25.000000,-1.198340,6.577001,4.924522,2.423941,7.445514,5.901864
14.000000,26.000000,-1.198340,6.577001,4.924522
14.000000,26.000000,-1.198340,6.577001,4.924522,-1.841481,1.708317,0.473131
15.000000,0.000000,2.899577,1.223164,-1.272523
15.000000,0.000000,2.899577,1.223164,-1.272523,2.040644,3.986289,2.355827
15.000000,0.000000,2.899577,1.223164,-1.272523,2.040644,3.986289,2.355827,1.800000,4.700000,2.700000
15.000000,1.000000,2.899577,1.223164,-1.272523
15.000000,1.000000,2.899577,1.223164,-1.272523,5.476487,3.283045,-0.658955
15.000000,2.000000,2.899577,1.223164,-1.272523
15.000000,2.000000,2.899577,1.223164,-1.272523,1.250692,2.728304,2.582698
15.000000,2.000000,2.899577,1.223164,-1.272523,1.250692,2.728304,2.582698,-0.056091,3.073332,6.226666
15.000000,3.000000,2.899577,1.223164,-1.272523
15.000000,3.000000,2.899577,1.223164,-1.272523,2.870217,9.973026,-1.681069
15.000000,4.000000,2.899577,1.223164,-1.272523
15.000000,4.000000,2.899577,1.223164,-1.272523,4.790128,13.284712,6.218090
15.000000,5.000000,2.899577,1.223164,-1.272523
15.000000,5.000000,2.899577,1.223164,-1.272523,3.835970,-2.185853,2.763561
15.000000,6.000000,2.899577,1.223164,-1.272523
15.000000,6.000000,2.899577,1.223164,-1.272523,0.198385,5.262120,1.490806
15.000000,6.000000,2.899577,1.223164,-1.272523,0.198385,5.262120,1.490806,-1.387936,8.388021,3.000297
15.000000,7.000000,2.899577,1.223164,-1.272523
15.000000,7.000000,2.899577,1.223164,-1.272523,1.363881,2.557896,-2.216419
15.000000,8.000000,2.899577,1.223164,-1.272523
15.000000,8.000000,2.899577,1.223164,-1.272523,4.239192,2.243712,7.193132
15.000000,9.000000,2.899577,1.223164,-1.272523
15.000000,9.000000,2.899577,1.223164,-1.272523,-0.474622,2.541067,0.094566
15.000000,10.000000,2.899577,1.223164,-1.272523
15.000000,10.000000,2.899577,1.223164,-1.272523,5.111687,11.726066,2.096313
15.000000,11.000000,2.899577,1.223164,-1.272523
15.000000,11.000000,2.899577,1.223164,-1.272523,-2.166109,0.046883,2.834315
15.000000,12.000000,2.899577,1.223164,-1.272523
15.000000,12.000000,2.899577,1.223164,-1.272523,3.108272,6.649233,2.665991
15.000000,12.000000,2.899577,1.223164,-1.272523,3.108272,6.649233,2.665991,2.751233,10.631687,5.273478
15.000000,13.000000,2.899577,1.223164,-1.272523
15.000000,13.000000,2.899577,1.223164,-1.272523,2.350377,-0.454880,-0.365788
15.000000,14.000000,2.899577,1.223164,-1.272523
15.000000,14.000000,2.899577,1.223164,-1.272523,-1.198340,6.577001,4.924522
15.000000,16.000000,2.899577,1.223164,-1.272523
15.000000,16.000000,2.899577,1.223164,-1.272523,8.911304,2.163894,0.780991
15.000000,17.000000,2.899577,1.223164,-1.272523
15.000000,17.000000,2.899577,1.223164,-1.272523,-0.467278,9.908528,1.223023
15.000000,18.000000,2.899577,1.223164,-1.272523
15.000000,18.000000,2.899577,1.223164,-1.272523,4.566193,9.905429,6.171886
15.000000,19.000000,2.899577,1.223164,-1.272523
15.000000,19.000000,2.899577,1.223164,-1.272523,-1.860464,4.306840,0.519307
15.000000,20.000000,2.899577,1.223164,-1.272523
15.000000,20.000000,2.899577,1.223164,-1.272523,4.239234,5.715307,5.396609
15.000000,21.000000,2.899577,1.223164,-1.272523
15.000000,21.000000,2.899577,1.223164,-1.272523,1.666524,-0.022058,1.556500
15.000000,22.000000,2.899577,1.223164,-1.272523
15.000000,22.000000,2.899577,1.223164,-1.272523,6.650375,4.346485,0.538871
15.000000,23.000000,2.899577,1.223164,-1.272523
15.000000,23.000000,2.899577,1.223164,-1.272523,3.026671,1.406473,0.659057
15.000000,23.000000,2.899577,1.223164,-1.272523,3.026671,1.406473,0.659057,2.382617,2.258126,7.158706
15.000000,24.000000,2.899577,1.223164,-1.272523
15.000000,24.000000,2.899577,1.223164,-1.272523,5.035135,6.615190,3.952545
15.000000,25.000000,2.899577,1.223164,-1.272523
15.000000,25.000000,2.899577,1.223164,-1.272523,3.143297,3.175905,1.467634
15.000000,25.000000,2.899577,1.223164,-1.272523,3.143297,3.175905,1.467634,2.423941,7.445514,5.901864
15.000000,26.000000,2.899577,1.223164,-1.272523
15.000000,26.000000,2.899577,1.223164,-1.272523,-1.841481,1.708317,0.473131
16.000000,0.000000,8.911304,2.163894,0.780991
16.000000,0.000000,8.911304,2.163894,0.780991,2.322344,3.869166,2.196193
16.000000,0.000000,8.911304,2.163894,0.780991,2.322344,3.869166,2.196193,1.800000,4.700000,2.700000
16.000000,1.000000,8.911304,2.163894,0.780991
16.000000,1.000000,8.911304,2.163894,0.780991,5.476487,3.283045,-0.658955
16.000000,2.000000,8.911304,2.163894,0.780991
16.000000,2.000000,8.911304,2.163894,0.780991,3.352523,2.828291,3.890976
16.000000,2.000000,8.911304,2.163894,0.780991,3.352523,2.828291,3.890976,-0.056091,3.073332,6.226666
16.000000,3.000000,8.911304,2.163894,0.780991
16.000000,3.000000,8.911304,2.163894,0.780991,2.870217,9.973026,-1.681069
16.000000,4.000000,8.911304,2.163894,0.780991
16.000000,4.000000,8.911304,2.163894,0.780991,4.790128,13.284712,6.218090
16.000000,5.000000,8.911304,2.163894,0.780991
16.000000,5.000000,8.911304,2.163894,0.780991,3.835970,-2.185853,2.763561
16.000000,6.000000,8.911304,2.163894,0.780991
16.000000,6.000000,8.911304,2.163894,0.780991,-1.387936,8.388021,3.000297
16.000000,7.000000,8.911304,2.163894,0.780991
16.000000,7.000000,8.911304,2.163894,0.780991,1.363881,2.557896,-2.216419
16.000000,8.000000,8.911304,2.163894,0.780991
16.000000,8.000000,8.911304,2.163894,0.780991,4.239192,2.243712,7.193132
16.000000,9.000000,8.911304,2.163894,0.780991
16.000000,9.000000,8.911304,2.163894,0.780991,-0.474622,2.541067,0.094566
16.000000,10.000000,8.911304,2.163894,0.780991
16.000000,10.000000,8.911304,2.163894,0.780991,5.111687,11.726066,2.096313
16.000000,11.000000,8.911304,2.163894,0.780991
16.000000,11.000000,8.911304,2.163894,0.780991,-2.166109,0.046883,2.834315
16.000000,12.000000,8.911304,2.163894,0.780991
16.000000,12.000000,8.911304,2.163894,0.780991,2.751233,10.631687,5.273478
16.000000,13.000000,8.911304,2.163894,0.780991
16.000000,13.000000,8.911304,2.163894,0.780991,2.350377,-0.454880,-0.365788
16.000000,14.000000,8.911304,2.163894,0.780991
16.000000,14.000000,8.911304,2.163894,0.780991,-1.198340,6.577001,4.924522
16.000000,15.000000,8.911304,2.163894,0.780991
16.000000,15.000000,8.911304,2.163894,0.780991,2.899577,1.223164,-1.272523
16.000000,17.000000,8.911304,2.163894,0.780991
16.000000,17.000000,8.911304,2.163894,0.780991,-0.467278,9.908528,1.223023
16.000000,18.000000,8.911304,2.163894,0.780991
16.000000,18.000000,8.911304,2.163894,0.780991,4.566193,9.905429,6.171886
16.000000,19.000000,8.911304,2.163894,0.780991
16.000000,19.000000,8.911304,2.163894,0.780991,-1.860464,4.306840,0.519307
16.000000,20.000000,8.911304,2.163894,0.780991
16.000000,20.000000,8.911304,2.163894,0.780991,4.239234,5.715307,5.396609
16.000000,21.000000,8.911304,2.163894,0.780991
16.000000,21.000000,8.911304,2.163894,0.780991,1.666524,-0.022058,1.556500
16.000000,22.000000,8.911304,2.163894,0.780991
16.000000,22.000000,8.911304,2.163894,0.780991,6.650375,4.346485,0.538871
16.000000,23.000000,8.911304,2.163894,0.780991
16.000000,23.000000,8.911304,2.163894,0.780991,2.382617,2.258126,7.158706
16.000000,24.000000,8.911304,2.163894,0.780991
16.000000,24.000000,8.911304,2.163894,0.780991,5.035135,6.615190,3.952545
16.000000,25.000000,8.911304,2.163894,0.780991
16.000000,25.000000,8.911304,2.163894,0.780991,2.423941,7.445514,5.901864
16.000000,26.000000,8.911304,2.163894,0.780991
16.000000,26.000000,8.911304,2.163894,0.780991,-1.841481,1.708317,0.473131
17.000000,0.000000,-0.467278,9.908528,1.223023
17.000000,0.000000,-0.467278,9.908528,1.223023,1.800000,4.700000,2.700000
17.000000,1.000000,-0.467278,9.908528,1.223023
17.000000,1.000000,-0.467278,9.908528,1.223023,5.476487,3.283045,-0.658955
17.000000,2.000000,-0.467278,9.908528,1.223023
17.000000,2.000000,-0.467278,9.908528,1.223023,-0.056091,3.073332,6.226666
17.000000,3.000000,-0.467278,9.908528,1.223023
17.000000,3.000000,-0.467278,9.908528,1.223023,2.870217,9.973026,-1.681069
17.000000,4.000000,-0.467278,9.908528,1.223023
17.000000,4.000000,-0.467278,9.908528,1.223023,4.790128,13.284712,6.218090
17.000000,5.000000,-0.467278,9.908528,1.223023
17.000000,5.000000,-0.467278,9.908528,1.223023,3.835970,-2.185853,2.763561
17.000000,6.000000,-0.467278,9.908528,1.223023
17.000000,6.000000,-0.467278,9.908528,1.223023,-1.387936,8.388021,3.000297
17.000000,7.000000,-0.467278,9.908528,1.223023
17.000000,7.000000,-0.467278,9.908528,1.223023,1.363881,2.557896,-2.216419
17.000000,8.000000,-0.467278,9.908528,1.223023
17.000000,8.000000,-0.467278,9.908528,1.223023,4.239192,2.243712,7.193132
17.000000,9.000000,-0.467278,9.908528,1.223023
17.000000,9.000000,-0.467278,9.908528,1.223023,-0.474622,2.541067,0.094566
17.000000,10.000000,-0.467278,9.908528,1.223023
17.000000,10.000000,-0.467278,9.908528,1.223023,5.111687,11.726066,2.096313
17.000000,11.000000,-0.467278,9.908528,1.223023
17.000000,11.000000,-0.467278,9.908528,1.223023,-2.166109,0.046883,2.834315
17.000000,12.000000,-0.467278,9.908528,1.223023
17.000000,12.000000,-0.467278,9.908528,1.223023,2.751233,10.631687,5.273478
17.000000,13.000000,-0.467278,9.908528,1.223023
17.000000,13.000000,-0.467278,9.908528,1.223023,1.120786,3.609492,0.155646
17.000000,13.000000,-0.467278,9.908528,1.223023,1.120786,3.609492,0.155646,2.350377,-0.454880,-0.365788
17.000000,14.000000,-0.467278,9.908528,1.223023
17.000000,14.000000,-0.467278,9.908528,1.223023,-1.198340,6.577001,4.924522
17.000000,15.000000,-0.467278,9.908528,1.223023
17.000000,15.000000,-0.467278,9.908528,1.223023,2.899577,1.223164,-1.272523
17.000000,16.000000,-0.467278,9.908528,1.223023
17.000000,16.000000,-0.467278,9.908528,1.223023,8.911304,2.163894,0.780991
17.000000,18.000000,-0.467278,9.908528,1.223023
17.000000,18.000000,-0.467278,9.908528,1.223023,4.566193,9.905429,6.171886
17.000000,19.000000,-0.467278,9.908528,1.223023
17.000000,19.000000,-0.467278,9.908528,1.223023,-1.860464,4.306840,0.519307
17.000000,20.000000,-0.467278,9.908528,1.223023
17.000000,20.000000,-0.467278,9.908528,1.223023,4.239234,5.715307,5.396609
17.000000,21.000000,-0.467278,9.908528,1.223023
17.000000,21.000000,-0.467278,9.908528,1.223023,1.666524,-0.022058,1.556500
17.000000,22.000000,-0.467278,9.908528,1.223023
17.000000,22.000000,-0.467278,9.908528,1.223023,-0.281388,9.751252,1.190115
17.000000,22.000000,-0.467278,9.908528,1.223023,-0.281388,9.751252,1.190115,6.650375,4.346485,0.538871
17.000000,23.000000,-0.467278,9.908528,1.223023
17.000000,23.000000,-0.467278,9.908528,1.223023,2.382617,2.258126,7.158706
17.000000,24.000000,-0.467278,9.908528,1.223023
17.000000,24.000000,-0.467278,9.908528,1.223023,2.519470,8.420000,2.170419
17.000000,24.000000,-0.467278,9.908528,1.223023,2.519470,8.420000,2.170419,5.035135,6.615190,3.952545
17.000000,25.000000,-0.467278,9.908528,1.223023
17.000000,25.000000,-0.467278,9.908528,1.223023,2.423941,7.445514,5.901864
17.000000,26.000000,-0.467278,9.908528,1.223023
17.000000,26.000000,-0.467278,9.908528,1.223023,-1.841481,1.708317,0.473131
18.000000,0.000000,4.566193,9.905429,6.171886
18.000000,0.000000,4.566193,9.905429,6.171886,1.800000,4.700000,2.700000
18.000000,1.000000,4.566193,9.905429,6.171886
18.000000,1.000000,4.566193,9.905429,6.171886,5.476487,3.283045,-0.658955
18.000000,2.000000,4.566193,9.905429,6.171886
18.000000,2.000000,4.566193,9.905429,6.171886,-0.056091,3.073332,6.226666
18.000000,3.000000,4.566193,9.905429,6.171886
18.000000,3.000000,4.566193,9.905429,6.171886,2.870217,9.973026,-1.681069
18.000000,4.000000,4.566193,9.905429,6.171886
18.000000,4.000000,4.566193,9.905429,6.171886,4.790128,13.284712,6.218090
18.000000,5.000000,4.566193,9.905429,6.171886
18.000000,5.000000,4.566193,9.905429,6.171886,3.835970,-2.185853,2.763561
18.000000,6.000000,4.566193,9.905429,6.171886
18.000000,6.000000,4.566193,9.905429,6.171886,-1.387936,8.388021,3.000297
18.000000,7.000000,4.566193,9.905429,6.171886
18.000000,7.000000,4.566193,9.905429,6.171886,1.363881,2.557896,-2.216419
18.000000,8.000000,4.566193,9.905429,6.171886
18.000000,8.000000,4.566193,9.905429,6.171886,4.239192,2.243712,7.193132
18.000000,9.000000,4.566193,9.905429,6.171886
18.000000,9.000000,4.566193,9.905429,6.171886,2.038782,6.343469,3.262935
18.000000,9.000000,4.566193,9.905429,6.171886,2.038782,6.343469,3.262935,-0.474622,2.541067,0.094566
18.000000,10.000000,4.566193,9.905429,6.171886
18.000000,10.000000,4.566193,9.905429,6.171886,5.111687,11.726066,2.096313
18.000000,11.000000,4.566193,9.905429,6.171886
18.000000,11.000000,4.566193,9.905429,6.171886,-2.166109,0.046883,2.834315
18.000000,12.000000,4.566193,9.905429,6.171886
18.000000,12.000000,4.566193,9.905429,6.171886,2.751233,10.631687,5.273478
18.000000,13.000000,4.566193,9.905429,6.171886
18.000000,13.000000,4.566193,9.905429,6.171886,2.350377,-0.454880,-0.365788
18.000000,14.000000,4.566193,9.905429,6.171886
18.000000,14.000000,4.566193,9.905429,6.171886,-1.198340,6.577001,4.924522
18.000000,15.000000,4.566193,9.905429,6.171886
18.000000,15.000000,4.566193,9.905429,6.171886,2.899577,1.223164,-1.272523
18.000000,16.000000,4.566193,9.905429,6.171886
18.000000,16.000000,4.566193,9.905429,6.171886,8.911304,2.163894,0.780991
18.000000,17.000000,4.566193,9.905429,6.171886
18.000000,17.000000,4.566193,9.905429,6.171886,-0.467278,9.908528,1.223023
18.000000,19.000000,4.566193,9.905429,6.171886
18.000000,19.000000,4.566193,9.905429,6.171886,3.157735,8.906352,5.046387
18.000000,19.000000,4.566193,9.905429,6.171886,3.157735,8.906352,5.046387,-1.860464,4.306840,0.519307
18.000000,20.000000,4.566193,9.905429,6.171886
18.000000,20.000000,4.566193,9.905429,6.171886,4.239234,5.715307,5.396609
18.000000,21.000000,4.566193,9.905429,6.171886
18.000000,21.000000,4.566193,9.905429,6.171886,2.546818,3.637898,3.956875
18.000000,21.000000,4.566193,9.905429,6.171886,2.546818,3.637898,3.956875,1.666524,-0.022058,1.556500
18.000000,22.000000,4.566193,9.905429,6.171886
18.000000,22.000000,4.566193,9.905429,6.171886,6.650375,4.346485,0.538871
18.000000,23.000000,4.566193,9.905429,6.171886
18.000000,23.000000,4.566193,9.905429,6.171886,2.382617,2.258126,7.158706
18.000000,24.000000,4.566193,9.905429,6.171886
18.000000,24.000000,4.566193,9.905429,6.171886,5.035135,6.615190,3.952545
18.000000,25.000000,4.566193,9.905429,6.171886
18.000000,25.000000,4.566193,9.905429,6.171886,2.423941,7.445514,5.901864
18.000000,26.000000,4.566193,9.905429,6.171886
18.000000,26.000000,4.566193,9.905429,6.171886,-1.841481,1.708317,0.473131
19.000000,0.000000,-1.860464,4.306840,0.519307
19.000000,0.000000,-1.860464,4.306840,0.519307,1.800000,4.700000,2.700000
19.000000,1.000000,-1.860464,4.306840,0.519307
19.000000,1.000000,-1.860464,4.306840,0.519307,5.476487,3.283045,-0.658955
19.000000,2.000000,-1.860464,4.306840,0.519307
19.000000,2.000000,-1.860464,4.306840,0.519307,-0.056091,3.073332,6.226666
19.000000,3.000000,-1.860464,4.306840,0.519307
19.000000,3.000000,-1.860464,4.306840,0.519307,2.870217,9.973026,-1.681069
19.000000,4.000000,-1.860464,4.306840,0.519307
19.000000,4.000000,-1.860464,4.306840,0.519307,4.790128,13.284712,6.218090
19.000000,5.000000,-1.860464,4.306840,0.519307
19.000000,5.000000,-1.860464,4.306840,0.519307,3.835970,-2.185853,2.763561
19.000000,6.000000,-1.860464,4.306840,0.519307
19.000000,6.000000,-1.860464,4.306840,0.519307,-1.387936,8.388021,3.000297
19.000000,7.000000,-1.860464,4.306840,0.519307
19.000000,7.000000,-1.860464,4.306840,0.519307,1.363881,2.557896,-2.216419
19.000000,8.000000,-1.860464,4.306840,0.519307
19.000000,8.000000,-1.860464,4.306840,0.519307,4.239192,2.243712,7.193132
19.000000,9.000000,-1.860464,4.306840,0.519307
19.000000,9.000000,-1.860464,4.306840,0.519307,-0.474622,2.541067,0.094566
19.000000,10.000000,-1.860464,4.306840,0.519307
19.000000,10.000000,-1.860464,4.306840,0.519307,5.111687,11.726066,2.096313
19.000000,11.000000,-1.860464,4.306840,0.519307
19.000000,11.000000,-1.860464,4.306840,0.519307,-2.166109,0.046883,2.834315
19.000000,12.000000,-1.860464,4.306840,0.519307
19.000000,12.000000,-1.860464,4.306840,0.519307,2.751233,10.631687,5.273478
19.000000,13.000000,-1.860464,4.306840,0.519307
19.000000,13.000000,-1.860464,4.306840,0.519307,2.350377,-0.454880,-0.365788
19.000000,14.000000,-1.860464,4.306840,0.519307
19.000000,14.000000,-1.860464,4.306840,0.519307,-1.198340,6.577001,4.924522
19.000000,15.000000,-1.860464,4.306840,0.519307
19.000000,15.000000,-1.860464,4.306840,0.519307,2.899577,1.223164,-1.272523
19.000000,16.000000,-1.860464,4.306840,0.519307
19.000000,16.000000,-1.860464,4.306840,0.519307,8.911304,2.163894,0.780991
19.000000,17.000000,-1.860464,4.306840,0.519307
19.000000,17.000000,-1.860464,4.306840,0.519307,-0.467278,9.908528,1.223023
19.000000,18.000000,-1.860464,4.306840,0.519307
19.000000,18.000000,-1.860464,4.306840,0.519307,3.157735,8.906352,5.046387
19.000000,18.000000,-1.860464,4.306840,0.519307,3.157735,8.906352,5.046387,4.566193,9.905429,6.171886
19.000000,20.000000,-1.860464,4.306840,0.519307
19.000000,20.000000,-1.860464,4.306840,0.519307,4.239234,5.715307,5.396609
19.000000,21.000000,-1.860464,4.306840,0.519307
19.000000,21.000000,-1.860464,4.306840,0.519307,1.666524,-0.022058,1.556500
19.000000,22.000000,-1.860464,4.306840,0.519307
19.000000,22.000000,-1.860464,4.306840,0.519307,-0.405305,4.429997,0.516290
19.000000,22.000000,-1.860464,4.306840,0.519307,-0.405305,4.429997,0.516290,6.650375,4.346485,0.538871
19.000000,23.000000,-1.860464,4.306840,0.519307
19.000000,23.000000,-1.860464,4.306840,0.519307,2.382617,2.258126,7.158706
19.000000,24.000000,-1.860464,4.306840,0.519307
19.000000,24.000000,-1.860464,4.306840,0.519307,1.634755,5.761248,2.792924
19.000000,24.000000,-1.860464,4.306840,0.519307,1.634755,5.761248,2.792924,5.035135,6.615190,3.952545
19.000000,25.000000,-1.860464,4.306840,0.519307
19.000000,25.000000,-1.860464,4.306840,0.519307,2.423941,7.445514,5.901864
19.000000,26.000000,-1.860464,4.306840,0.519307
19.000000,26.000000,-1.860464,4.306840,0.519307,-1.841481,1.708317,0.473131
20.000000,0.000000,4.239234,5.715307,5.396609
20.000000,0.000000,4.239234,5.715307,5.396609,1.800000,4.700000,2.700000
20.000000,1.000000,4.239234,5.715307,5.396609
20.000000,1.000000,4.239234,5.715307,5.396609,5.476487,3.283045,-0.658955
20.000000,2.000000,4.239234,5.715307,5.396609
20.000000,2.000000,4.239234,5.715307,5.396609,-0.056091,3.073332,6.226666
20.000000,3.000000,4.239234,5.715307,5.396609
20.000000,3.000000,4.239234,5.715307,5.396609,2.870217,9.973026,-1.681069
20.000000,4.000000,4.239234,5.715307,5.396609
20.000000,4.000000,4.239234,5.715307,5.396609,4.790128,13.284712,6.218090
20.000000,5.000000,4.239234,5.715307,5.396609
20.000000,5.000000,4.239234,5.715307,5.396609,3.835970,-2.185853,2.763561
20.000000,6.000000,4.239234,5.715307,5.396609
20.000000,6.000000,4.239234,5.715307,5.396609,-1.387936,8.388021,3.000297
20.000000,7.000000,4.239234,5.715307,5.396609
20.000000,7.000000,4.239234,5.715307,5.396609,3.146646,4.411207,1.938345
20.000000,7.000000,4.239234,5.715307,5.396609,3.146646,4.411207,1.938345,1.363881,2.557896,-2.216419
20.000000,8.000000,4.239234,5.715307,5.396609
20.000000,8.000000,4.239234,5.715307,5.396609,4.239192,2.243712,7.193132
20.000000,9.000000,4.239234,5.715307,5.396609
20.000000,9.000000,4.239234,5.715307,5.396609,-0.474622,2.541067,0.094566
20.000000,10.000000,4.239234,5.715307,5.396609
20.000000,10.000000,4.239234,5.715307,5.396609,5.111687,11.726066,2.096313
20.000000,11.000000,4.239234,5.715307,5.396609
20.000000,11.000000,4.239234,5.715307,5.396609,-2.166109,0.046883,2.834315
20.000000,12.000000,4.239234,5.715307,5.396609
20.000000,12.000000,4.239234,5.715307,5.396609,2.751233,10.631687,5.273478
20.000000,13.000000,4.239234,5.715307,5.396609
20.000000,13.000000,4.239234,5.715307,5.396609,2.947079,1.473032,1.259770
20.000000,13.000000,4.239234,5.715307,5.396609,2.947079,1.473032,1.259770,2.350377,-0.454880,-0.365788
20.000000,14.000000,4.239234,5.715307,5.396609
20.000000,14.000000,4.239234,5.715307,5.396609,-1.198340,6.577001,4.924522
20.000000,15.000000,4.239234,5.715307,5.396609
20.000000,15.000000,4.239234,5.715307,5.396609,2.899577,1.223164,-1.272523
20.000000,16.000000,4.239234,5.715307,5.396609
20.000000,16.000000,4.239234,5.715307,5.396609,8.911304,2.163894,0.780991
20.000000,17.000000,4.239234,5.715307,5.396609
20.000000,17.000000,4.239234,5.715307,5.396609,-0.467278,9.908528,1.223023
20.000000,18.000000,4.239234,5.715307,5.396609
20.000000,18.000000,4.239234,5.715307,5.396609,4.566193,9.905429,6.171886
20.000000,19.000000,4.239234,5.715307,5.396609
20.000000,19.000000,4.239234,5.715307,5.396609,-1.860464,4.306840,0.519307
20.000000,21.000000,4.239234,5.715307,5.396609
20.000000,21.000000,4.239234,5.715307,5.396609,2.610422,1.843103,3.244418
20.000000,21.000000,4.239234,5.715307,5.396609,2.610422,1.843103,3.244418,1.666524,-0.022058,1.556500
20.000000,22.000000,4.239234,5.715307,5.396609
20.000000,22.000000,4.239234,5.715307,5.396609,6.650375,4.346485,0.538871
20.000000,23.000000,4.239234,5.715307,5.396609
20.000000,23.000000,4.239234,5.715307,5.396609,2.382617,2.258126,7.158706
20.000000,24.000000,4.239234,5.715307,5.396609
20.000000,24.000000,4.239234,5.715307,5.396609,5.035135,6.615190,3.952545
20.000000,25.000000,4.239234,5.715307,5.396609
20.000000,25.000000,4.239234,5.715307,5.396609,2.423941,7.445514,5.901864
20.000000,26.000000,4.239234,5.715307,5.396609
20.000000,26.000000,4.239234,5.715307,5.396609,-1.841481,1.708317,0.473131
21.000000,0.000000,1.666524,-0.022058,1.556500
21.000000,0.000000,1.666524,-0.022058,1.556500,1.800000,4.700000,2.700000
21.000000,1.000000,1.666524,-0.022058,1.556500
21.000000,1.000000,1.666524,-0.022058,1.556500,5.476487,3.283045,-0.658955
21.000000,2.000000,1.666524,-0.022058,1.556500
21.000000,2.000000,1.666524,-0.022058,1.556500,-0.056091,3.073332,6.226666
21.000000,3.000000,1.666524,-0.022058,1.556500
21.000000,3.000000,1.666524,-0.022058,1.556500,2.870217,9.973026,-1.681069
21.000000,4.000000,1.666524,-0.022058,1.556500
21.000000,4.000000,1.666524,-0.022058,1.556500,3.501576,5.201756,2.779352
21.000000,4.000000,1.666524,-0.022058,1.556500,3.501576,5.201756,2.779352,4.790128,13.284712,6.218090
21.000000,5.000000,1.666524,-0.022058,1.556500
21.000000,5.000000,1.666524,-0.022058,1.556500,3.835970,-2.185853,2.763561
21.000000,6.000000,1.666524,-0.022058,1.556500
21.000000,6.000000,1.666524,-0.022058,1.556500,-1.387936,8.388021,3.000297
21.000000,7.000000,1.666524,-0.022058,1.556500
21.000000,7.000000,1.666524,-0.022058,1.556500,1.363881,2.557896,-2.216419
21.000000,8.000000,1.666524,-0.022058,1.556500
21.000000,8.000000,1.666524,-0.022058,1.556500,4.239192,2.243712,7.193132
21.000000,9.000000,1.666524,-0.022058,1.556500
21.000000,9.000000,1.666524,-0.022058,1.556500,-0.474622,2.541067,0.094566
21.000000,10.000000,1.666524,-0.022058,1.556500
21.000000,10.000000,1.666524,-0.022058,1.556500,5.111687,11.726066,2.096313
21.000000,11.000000,1.666524,-0.022058,1.556500
21.000000,11.000000,1.666524,-0.022058,1.556500,-2.166109,0.046883,2.834315
21.000000,12.000000,1.666524,-0.022058,1.556500
21.000000,12.000000,1.666524,-0.022058,1.556500,1.346669,4.342488,2.659454
21.000000,12.000000,1.666524,-0.022058,1.556500,1.346669,4.342488,2.659454,2.751233,10.631687,5.273478
21.000000,13.000000,1.666524,-0.022058,1.556500
21.000000,13.000000,1.666524,-0.022058,1.556500,2.350377,-0.454880,-0.365788
21.000000,14.000000,1.666524,-0.022058,1.556500
21.000000,14.000000,1.666524,-0.022058,1.556500,-1.198340,6.577001,4.924522
21.000000,15.000000,1.666524,-0.022058,1.556500
21.000000,15.000000,1.666524,-0.022058,1.556500,2.899577,1.223164,-1.272523
21.000000,16.000000,1.666524,-0.022058,1.556500
21.000000,16.000000,1.666524,-0.022058,1.556500,8.911304,2.163894,0.780991
21.000000,17.000000,1.666524,-0.022058,1.556500
21.000000,17.000000,1.666524,-0.022058,1.556500,-0.467278,9.908528,1.223023
21.000000,18.000000,1.666524,-0.022058,1.556500
21.000000,18.000000,1.666524,-0.022058,1.556500,2.546818,3.637898,3.956875
21.000000,18.000000,1.666524,-0.022058,1.556500,2.546818,3.637898,3.956875,4.566193,9.905429,6.171886
21.000000,19.000000,1.666524,-0.022058,1.556500
21.000000,19.000000,1.666524,-0.022058,1.556500,-1.860464,4.306840,0.519307
21.000000,20.000000,1.666524,-0.022058,1.556500
21.000000,20.000000,1.666524,-0.022058,1.556500,2.610422,1.843103,3.244418
21.000000,20.000000,1.666524,-0.022058,1.556500,2.610422,1.843103,3.244418,4.239234,5.715307,5.396609
21.000000,22.000000,1.666524,-0.022058,1.556500
21.000000,22.000000,1.666524,-0.022058,1.556500,6.650375,4.346485,0.538871
21.000000,23.000000,1.666524,-0.022058,1.556500
21.000000,23.000000,1.666524,-0.022058,1.556500,2.382617,2.258126,7.158706
21.000000,24.000000,1.666524,-0.022058,1.556500
21.000000,24.000000,1.666524,-0.022058,1.556500,2.134155,0.939477,1.840016
21.000000,24.000000,1.666524,-0.022058,1.556500,2.134155,0.939477,1.840016,5.035135,6.615190,3.952545
21.000000,25.000000,1.666524,-0.022058,1.556500
21.000000,25.000000,1.666524,-0.022058,1.556500,1.769181,2.102388,3.096785
21.000000,25.000000,1.666524,-0.022058,1.556500,1.769181,2.102388,3.096785,2.423941,7.445514,5.901864
21.000000,26.000000,1.666524,-0.022058,1.556500
21.000000,26.000000,1.666524,-0.022058,1.556500,-1.841481,1.708317,0.473131
22.000000,0.000000,6.650375,4.346485,0.538871
22.000000,0.000000,6.650375,4.346485,0.538871,2.331205,3.855071,2.187647
22.000000,0.000000,6.650375,4.346485,0.538871,2.331205,3.855071,2.187647,1.800000,4.700000,2.700000
22.000000,1.000000,6.650375,4.346485,0.538871
22.000000,1.000000,6.650375,4.346485,0.538871,5.476487,3.283045,-0.658955
22.000000,2.000000,6.650375,4.346485,0.538871
22.000000,2.000000,6.650375,4.346485,0.538871,-0.056091,3.073332,6.226666
22.000000,3.000000,6.650375,4.346485,0.538871
22.000000,3.000000,6.650375,4.346485,0.538871,2.870217,9.973026,-1.681069
22.000000,4.000000,6.650375,4.346485,0.538871
22.000000,4.000000,6.650375,4.346485,0.538871,4.790128,13.284712,6.218090
22.000000,5.000000,6.650375,4.346485,0.538871
22.000000,5.000000,6.650375,4.346485,0.538871,3.835970,-2.185853,2.763561
22.000000,6.000000,6.650375,4.346485,0.538871
22.000000,6.000000,6.650375,4.346485,0.538871,-1.387936,8.388021,3.000297
22.000000,7.000000,6.650375,4.346485,0.538871
22.000000,7.000000,6.650375,4.346485,0.538871,1.363881,2.557896,-2.216419
22.000000,8.000000,6.650375,4.346485,0.538871
22.000000,8.000000,6.650375,4.346485,0.538871,4.239192,2.243712,7.193132
22.000000,9.000000,6.650375,4.346485,0.538871
22.000000,9.000000,6.650375,4.346485,0.538871,-0.474622,2.541067,0.094566
22.000000,10.000000,6.650375,4.346485,0.538871
22.000000,10.000000,6.650375,4.346485,0.538871,5.111687,11.726066,2.096313
22.000000,11.000000,6.650375,4.346485,0.538871
22.000000,11.000000,6.650375,4.346485,0.538871,-2.166109,0.046883,2.834315
22.000000,12.000000,6.650375,4.346485,0.538871
22.000000,12.000000,6.650375,4.346485,0.538871,2.751233,10.631687,5.273478
22.000000,13.000000,6.650375,4.346485,0.538871
22.000000,13.000000,6.650375,4.346485,0.538871,2.350377,-0.454880,-0.365788
22.000000,14.000000,6.650375,4.346485,0.538871
22.000000,14.000000,6.650375,4.346485,0.538871,2.361920,5.453572,3.260653
22.000000,14.000000,6.650375,4.346485,0.538871,2.361920,5.453572,3.260653,-1.198340,6.577001,4.924522
22.000000,15.000000,6.650375,4.346485,0.538871
22.000000,15.000000,6.650375,4.346485,0.538871,2.899577,1.223164,-1.272523
22.000000,16.000000,6.650375,4.346485,0.538871
22.000000,16.000000,6.650375,4.346485,0.538871,8.911304,2.163894,0.780991
22.000000,17.000000,6.650375,4.346485,0.538871
22.000000,17.000000,6.650375,4.346485,0.538871,-0.281388,9.751252,1.190115
22.000000,17.000000,6.650375,4.346485,0.538871,-0.281388,9.751252,1.190115,-0.467278,9.908528,1.223023
22.000000,18.000000,6.650375,4.346485,0.538871
22.000000,18.000000,6.650375,4.346485,0.538871,4.566193,9.905429,6.171886
22.000000,19.000000,6.650375,4.346485,0.538871
22.000000,19.000000,6.650375,4.346485,0.538871,-0.405305,4.429997,0.516290
22.000000,19.000000,6.650375,4.346485,0.538871,-0.405305,4.429997,0.516290,-1.860464,4.306840,0.519307
22.000000,20.000000,6.650375,4.346485,0.538871
22.000000,20.000000,6.650375,4.346485,0.538871,4.239234,5.715307,5.396609
22.000000,21.000000,6.650375,4.346485,0.538871
22.000000,21.000000,6.650375,4.346485,0.538871,1.666524,-0.022058,1.556500
22.000000,23.000000,6.650375,4.346485,0.538871
22.000000,23.000000,6.650375,4.346485,0.538871,2.382617,2.258126,7.158706
22.000000,24.000000,6.650375,4.346485,0.538871
22.000000,24.000000,6.650375,4.346485,0.538871,5.035135,6.615190,3.952545
22.000000,25.000000,6.650375,4.346485,0.538871
22.000000,25.000000,6.650375,4.346485,0.538871,2.423941,7.445514,5.901864
22.000000,26.000000,6.650375,4.346485,0.538871
22.000000,26.000000,6.650375,4.346485,0.538871,-1.841481,1.708317,0.473131
23.000000,0.000000,2.382617,2.258126,7.158706
23.000000,0.000000,2.382617,2.258126,7.158706,1.800000,4.700000,2.700000
23.000000,1.000000,2.382617,2.258126,7.158706
23.000000,1.000000,2.382617,2.258126,7.158706,5.476487,3.283045,-0.658955
23.000000,2.000000,2.382617,2.258126,7.158706
23.000000,2.000000,2.382617,2.258126,7.158706,-0.056091,3.073332,6.226666
23.000000,3.000000,2.382617,2.258126,7.158706
23.000000,3.000000,2.382617,2.258126,7.158706,3.007670,6.212690,2.189234
23.000000,3.000000,2.382617,2.258126,7.158706,3.007670,6.212690,2.189234,2.870217,9.973026,-1.681069
23.000000,4.000000,2.382617,2.258126,7.158706
23.000000,4.000000,2.382617,2.258126,7.158706,4.790128,13.284712,6.218090
23.000000,5.000000,2.382617,2.258126,7.158706
23.000000,5.000000,2.382617,2.258126,7.158706,3.835970,-2.185853,2.763561
23.000000,6.000000,2.382617,2.258126,7.158706
23.000000,6.000000,2.382617,2.258126,7.158706,-1.387936,8.388021,3.000297
23.000000,7.000000,2.382617,2.258126,7.158706
23.000000,7.000000,2.382617,2.258126,7.158706,1.864860,2.752175,1.899836
23.000000,7.000000,2.382617,2.258126,7.158706,1.864860,2.752175,1.899836,1.363881,2.557896,-2.216419
23.000000,8.000000,2.382617,2.258126,7.158706
23.000000,8.000000,2.382617,2.258126,7.158706,4.239192,2.243712,7.193132
23.000000,9.000000,2.382617,2.258126,7.158706
23.000000,9.000000,2.382617,2.258126,7.158706,-0.474622,2.541067,0.094566
23.000000,10.000000,2.382617,2.258126,7.158706
23.000000,10.000000,2.382617,2.258126,7.158706,5.111687,11.726066,2.096313
23.000000,11.000000,2.382617,2.258126,7.158706
23.000000,11.000000,2.382617,2.258126,7.158706,-2.166109,0.046883,2.834315
23.000000,12.000000,2.382617,2.258126,7.158706
23.000000,12.000000,2.382617,2.258126,7.158706,2.751233,10.631687,5.273478
23.000000,13.000000,2.382617,2.258126,7.158706
23.000000,13.000000,2.382617,2.258126,7.158706,2.350377,-0.454880,-0.365788
23.000000,14.000000,2.382617,2.258126,7.158706
23.000000,14.000000,2.382617,2.258126,7.158706,-1.198340,6.577001,4.924522
23.000000,15.000000,2.382617,2.258126,7.158706
23.000000,15.000000,2.382617,2.258126,7.158706,3.026671,1.406473,0.659057
23.000000,15.000000,2.382617,2.258126,7.158706,3.026671,1.406473,0.659057,2.899577,1.223164,-1.272523
23.000000,16.000000,2.382617,2.258126,7.158706
23.000000,16.000000,2.382617,2.258126,7.158706,8.911304,2.163894,0.780991
23.000000,17.000000,2.382617,2.258126,7.158706
23.000000,17.000000,2.382617,2.258126,7.158706,-0.467278,9.908528,1.223023
23.000000,18.000000,2.382617,2.258126,7.158706
23.000000,18.000000,2.382617,2.258126,7.158706,4.566193,9.905429,6.171886
23.000000,19.000000,2.382617,2.258126,7.158706
23.000000,19.000000,2.382617,2.258126,7.158706,-1.860464,4.306840,0.519307
23.000000,20.000000,2.382617,2.258126,7.158706
23.000000,20.000000,2.382617,2.258126,7.158706,4.239234,5.715307,5.396609
23.000000,21.000000,2.382617,2.258126,7.158706
23.000000,21.000000,2.382617,2.258126,7.158706,1.666524,-0.022058,1.556500
23.000000,22.000000,2.382617,2.258126,7.158706
23.000000,22.000000,2.382617,2.258126,7.158706,6.650375,4.346485,0.538871
23.000000,24.000000,2.382617,2.258126,7.158706
23.000000,24.000000,2.382617,2.258126,7.158706,5.035135,6.615190,3.952545
23.000000,25.000000,2.382617,2.258126,7.158706
23.000000,25.000000,2.382617,2.258126,7.158706,2.423941,7.445514,5.901864
23.000000,26.000000,2.382617,2.258126,7.158706
23.000000,26.000000,2.382617,2.258126,7.158706,-1.841481,1.708317,0.473131
24.000000,0.000000,5.035135,6.615190,3.952545
24.000000,0.000000,5.035135,6.615190,3.952545,2.407290,5.179582,3.030466
24.000000,0.000000,5.035135,6.615190,3.952545,2.407290,5.179582,3.030466,1.800000,4.700000,2.700000
24.000000,1.000000,5.035135,6.615190,3.952545
24.000000,1.000000,5.035135,6.615190,3.952545,5.476487,3.283045,-0.658955
24.000000,2.000000,5.035135,6.615190,3.952545
24.000000,2.000000,5.035135,6.615190,3.952545,-0.056091,3.073332,6.226666
24.000000,3.000000,5.035135,6.615190,3.952545
24.000000,3.000000,5.035135,6.615190,3.952545,2.870217,9.973026,-1.681069
24.000000,4.000000,5.035135,6.615190,3.952545
24.000000,4.000000,5.035135,6.615190,3.952545,4.790128,13.284712,6.218090
24.000000,5.000000,5.035135,6.615190,3.952545
24.000000,5.000000,5.035135,6.615190,3.952545,4.093325,1.320133,3.287369
24.000000,5.000000,5.035135,6.615190,3.952545,4.093325,1.320133,3.287369,3.835970,-2.185853,2.763561
24.000000,6.000000,5.035135,6.615190,3.952545
24.000000,6.000000,5.035135,6.615190,3.952545,-1.387936,8.388021,3.000297
24.000000,7.000000,5.035135,6.615190,3.952545
24.000000,7.000000,5.035135,6.615190,3.952545,1.363881,2.557896,-2.216419
24.000000,8.000000,5.035135,6.615190,3.952545
24.000000,8.000000,5.035135,6.615190,3.952545,4.239192,2.243712,7.193132
24.000000,9.000000,5.035135,6.615190,3.952545
24.000000,9.000000,5.035135,6.615190,3.952545,1.955072,5.155216,1.623650
24.000000,9.000000,5.035135,6.615190,3.952545,1.955072,5.155216,1.623650,-0.474622,2.541067,0.094566
24.000000,10.000000,5.035135,6.615190,3.952545
24.000000,10.000000,5.035135,6.615190,3.952545,5.111687,11.726066,2.096313
24.000000,11.000000,5.035135,6.615190,3.952545
24.000000,11.000000,5.035135,6.615190,3.952545,-2.166109,0.046883,2.834315
24.000000,12.000000,5.035135,6.615190,3.952545
24.000000,12.000000,5.035135,6.615190,3.952545,2.751233,10.631687,5.273478
24.000000,13.000000,5.035135,6.615190,3.952545
24.000000,13.000000,5.035135,6.615190,3.952545,2.350377,-0.454880,-0.365788
24.000000,14.000000,5.035135,6.615190,3.952545
24.000000,14.000000,5.035135,6.615190,3.952545,-1.198340,6.577001,4.924522
24.000000,15.000000,5.035135,6.615190,3.952545
24.000000,15.000000,5.035135,6.615190,3.952545,2.899577,1.223164,-1.272523
24.000000,16.000000,5.035135,6.615190,3.952545
24.000000,16.000000,5.035135,6.615190,3.952545,8.911304,2.163894,0.780991
24.000000,17.000000,5.035135,6.615190,3.952545
24.000000,17.000000,5.035135,6.615190,3.952545,2.519470,8.420000,2.170419
24.000000,17.000000,5.035135,6.615190,3.952545,2.519470,8.420000,2.170419,-0.467278,9.908528,1.223023
24.000000,18.000000,5.035135,6.615190,3.952545
24.000000,18.000000,5.035135,6.615190,3.952545,4.566193,9.905429,6.171886
24.000000,19.000000,5.035135,6.615190,3.952545
24.000000,19.000000,5.035135,6.615190,3.952545,1.634755,5.761248,2.792924
24.000000,19.000000,5.035135,6.615190,3.952545,1.634755,5.761248,2.792924,-1.860464,4.306840,0.519307
24.000000,20.000000,5.035135,6.615190,3.952545
24.000000,20.000000,5.035135,6.615190,3.952545,4.239234,5.715307,5.396609
24.000000,21.000000,5.035135,6.615190,3.952545
24.000000,21.000000,5.035135,6.615190,3.952545,2.134155,0.939477,1.840016
24.000000,21.000000,5.035135,6.615190,3.952545,2.134155,0.939477,1.840016,1.666524,-0.022058,1.556500
24.000000,22.000000,5.035135,6.615190,3.952545
24.000000,22.000000,5.035135,6.615190,3.952545,6.650375,4.346485,0.538871
24.000000,23.000000,5.035135,6.615190,3.952545
24.000000,23.000000,5.035135,6.615190,3.952545,2.382617,2.258126,7.158706
24.000000,25.000000,5.035135,6.615190,3.952545
24.000000,25.000000,5.035135,6.615190,3.952545,2.423941,7.445514,5.901864
24.000000,26.000000,5.035135,6.615190,3.952545
24.000000,26.000000,5.035135,6.615190,3.952545,2.596519,5.212739,3.193414
24.000000,26.000000,5.035135,6.615190,3.952545,2.596519,5.212739,3.193414,-1.841481,1.708317,0.473131
25.000000,0.000000,2.423941,7.445514,5.901864
25.000000,0.000000,2.423941,7.445514,5.901864,1.800000,4.700000,2.700000
25.000000,1.000000,2.423941,7.445514,5.901864
25.000000,1.000000,2.423941,7.445514,5.901864,5.476487,3.283045,-0.658955
25.000000,2.000000,2.423941,7.445514,5.901864
25.000000,2.000000,2.423941,7.445514,5.901864,-0.056091,3.073332,6.226666
25.000000,3.000000,2.423941,7.445514,5.901864
25.000000,3.000000,2.423941,7.445514,5.901864,3.029785,8.375254,2.449855
25.000000,3.000000,2.423941,7.445514,5.901864,3.029785,8.375254,2.449855,2.870217,9.973026,-1.681069
25.000000,4.000000,2.423941,7.445514,5.901864
25.000000,4.000000,2.423941,7.445514,5.901864,4.790128,13.284712,6.218090
25.000000,5.000000,2.423941,7.445514,5.901864
25.000000,5.000000,2.423941,7.445514,5.901864,3.835970,-2.185853,2.763561
25.000000,6.000000,2.423941,7.445514,5.901864
25.000000,6.000000,2.423941,7.445514,5.901864,-1.387936,8.388021,3.000297
25.000000,7.000000,2.423941,7.445514,5.901864
25.000000,7.000000,2.423941,7.445514,5.901864,1.745822,4.768526,0.709978
25.000000,7.000000,2.423941,7.445514,5.901864,1.745822,4.768526,0.709978,1.363881,2.557896,-2.216419
25.000000,8.000000,2.423941,7.445514,5.901864
25.000000,8.000000,2.423941,7.445514,5.901864,4.239192,2.243712,7.193132
25.000000,9.000000,2.423941,7.445514,5.901864
25.000000,9.000000,2.423941,7.445514,5.901864,-0.474622,2.541067,0.094566
25.000000,10.000000,2.423941,7.445514,5.901864
25.000000,10.000000,2.423941,7.445514,5.901864,5.111687,11.726066,2.096313
25.000000,11.000000,2.423941,7.445514,5.901864
25.000000,11.000000,2.423941,7.445514,5.901864,-2.166109,0.046883,2.834315
25.000000,12.000000,2.423941,7.445514,5.901864
25.000000,12.000000,2.423941,7.445514,5.901864,2.751233,10.631687,5.273478
25.000000,13.000000,2.423941,7.445514,5.901864
25.000000,13.000000,2.423941,7.445514,5.901864,1.972701,2.882014,2.035594
25.000000,13.000000,2.423941,7.445514,5.901864,1.972701,2.882014,2.035594,2.350377,-0.454880,-0.365788
25.000000,14.000000,2.423941,7.445514,5.901864
25.000000,14.000000,2.423941,7.445514,5.901864,-1.198340,6.577001,4.924522
25.000000,15.000000,2.423941,7.445514,5.901864
25.000000,15.000000,2.423941,7.445514,5.901864,3.143297,3.175905,1.467634
25.000000,15.000000,2.423941,7.445514,5.901864,3.143297,3.175905,1.467634,2.899577,1.223164,-1.272523
25.000000,16.000000,2.423941,7.445514,5.901864
25.000000,16.000000,2.423941,7.445514,5.901864,8.911304,2.163894,0.780991
25.000000,17.000000,2.423941,7.445514,5.901864
25.000000,17.000000,2.423941,7.445514,5.901864,-0.467278,9.908528,1.223023
25.000000,18.000000,2.423941,7.445514,5.901864
25.000000,18.000000,2.423941,7.445514,5.901864,4.566193,9.905429,6.171886
25.000000,19.000000,2.423941,7.445514,5.901864
25.000000,19.000000,2.423941,7.445514,5.901864,-1.860464,4.306840,0.519307
25.000000,20.000000,2.423941,7.445514,5.901864
25.000000,20.000000,2.423941,7.445514,5.901864,4.239234,5.715307,5.396609
25.000000,21.000000,2.423941,7.445514,5.901864
25.000000,21.000000,2.423941,7.445514,5.901864,1.769181,2.102388,3.096785
25.000000,21.000000,2.423941,7.445514,5.901864,1.769181,2.102388,3.096785,1.666524,-0.022058,1.556500
25.000000,22.000000,2.423941,7.445514,5.901864
25.000000,22.000000,2.423941,7.445514,5.901864,6.650375,4.346485,0.538871
25.000000,23.000000,2.423941,7.445514,5.901864
25.000000,23.000000,2.423941,7.445514,5.901864,2.382617,2.258126,7.158706
25.000000,24.000000,2.423941,7.445514,5.901864
25.000000,24.000000,2.423941,7.445514,5.901864,5.035135,6.615190,3.952545
25.000000,26.000000,2.423941,7.445514,5.901864
25.000000,26.000000,2.423941,7.445514,5.901864,-1.841481,1.708317,0.473131
26.000000,0.000000,-1.841481,1.708317,0.473131
26.000000,0.000000,-1.841481,1.708317,0.473131,1.800000,4.700000,2.700000
26.000000,1.000000,-1.841481,1.708317,0.473131
26.000000,1.000000,-1.841481,1.708317,0.473131,5.476487,3.283045,-0.658955
26.000000,2.000000,-1.841481,1.708317,0.473131
26.000000,2.000000,-1.841481,1.708317,0.473131,-0.056091,3.073332,6.226666
26.000000,3.000000,-1.841481,1.708317,0.473131
26.000000,3.000000,-1.841481,1.708317,0.473131,2.870217,9.973026,-1.681069
26.000000,4.000000,-1.841481,1.708317,0.473131
26.000000,4.000000,-1.841481,1.708317,0.473131,4.790128,13.284712,6.218090
26.000000,5.000000,-1.841481,1.708317,0.473131
26.000000,5.000000,-1.841481,1.708317,0.473131,3.835970,-2.185853,2.763561
26.000000,6.000000,-1.841481,1.708317,0.473131
26.000000,6.000000,-1.841481,1.708317,0.473131,-1.387936,8.388021,3.000297
26.000000,7.000000,-1.841481,1.708317,0.473131
26.000000,7.000000,-1.841481,1.708317,0.473131,1.363881,2.557896,-2.216419
26.000000,8.000000,-1.841481,1.708317,0.473131
26.000000,8.000000,-1.841481,1.708317,0.473131,4.239192,2.243712,7.193132
26.000000,9.000000,-1.841481,1.708317,0.473131
26.000000,9.000000,-1.841481,1.708317,0.473131,-0.474622,2.541067,0.094566
26.000000,10.000000,-1.841481,1.708317,0.473131
26.000000,10.000000,-1.841481,1.708317,0.473131,2.742850,7.631627,1.480651
26.000000,10.000000,-1.841481,1.708317,0.473131,2.742850,7.631627,1.480651,5.111687,11.726066,2.096313
26.000000,11.000000,-1.841481,1.708317,0.473131
26.000000,11.000000,-1.841481,1.708317,0.473131,-2.166109,0.046883,2.834315
26.000000,12.000000,-1.841481,1.708317,0.473131
26.000000,12.000000,-1.841481,1.708317,0.473131,2.751233,10.631687,5.273478
26.000000,13.000000,-1.841481,1.708317,0.473131
26.000000,13.000000,-1.841481,1.708317,0.473131,2.350377,-0.454880,-0.365788
26.000000,14.000000,-1.841481,1.708317,0.473131
26.000000,14.000000,-1.841481,1.708317,0.473131,-1.198340,6.577001,4.924522
26.000000,15.000000,-1.841481,1.708317,0.473131
26.000000,15.000000,-1.841481,1.708317,0.473131,2.899577,1.223164,-1.272523
26.000000,16.000000,-1.841481,1.708317,0.473131
26.000000,16.000000,-1.841481,1.708317,0.473131,8.911304,2.163894,0.780991
26.000000,17.000000,-1.841481,1.708317,0.473131
26.000000,17.000000,-1.841481,1.708317,0.473131,-0.467278,9.908528,1.223023
26.000000,18.000000,-1.841481,1.708317,0.473131
26.000000,18.000000,-1.841481,1.708317,0.473131,4.566193,9.905429,6.171886
26.000000,19.000000,-1.841481,1.708317,0.473131
26.000000,19.000000,-1.841481,1.708317,0.473131,-1.860464,4.306840,0.519307
26.000000,20.000000,-1.841481,1.708317,0.473131
26.000000,20.000000,-1.841481,1.708317,0.473131,4.239234,5.715307,5.396609
26.000000,21.000000,-1.841481,1.708317,0.473131
26.000000,21.000000,-1.841481,1.708317,0.473131,1.666524,-0.022058,1.556500
26.000000,22.000000,-1.841481,1.708317,0.473131
26.000000,22.000000,-1.841481,1.708317,0.473131,6.650375,4.346485,0.538871
26.000000,23.000000,-1.841481,1.708317,0.473131
26.000000,23.000000,-1.841481,1.708317,0.473131,2.382617,2.258126,7.158706
26.000000,24.000000,-1.841481,1.708317,0.473131
26.000000,24.000000,-1.841481,1.708317,0.473131,2.596519,5.212739,3.193414
26.000000,24.000000,-1.841481,1.708317,0.473131,2.596519,5.212739,3.193414,5.035135,6.615190,3.952545
26.000000,25.000000,-1.841481,1.708317,0.473131
26.000000,25.000000,-1.841481,1.708317,0.473131,2.423941,7.445514,5.901864
