-14.241962,0.010560,11.154215,0.803564,0.014267,-0.595047,0.000000
-14.096006,-1.058680,11.356761,0.794367,0.006094,-0.607408,0.000000
-12.933397,2.486208,13.439905,0.697819,0.084539,-0.711267,0.000000
-13.564398,-5.438148,12.412745,0.750577,-0.045189,-0.659236,0.000000
-13.311931,5.124178,13.367366,0.712874,0.069666,-0.697823,0.000000
-12.865394,1.195201,13.307519,0.694501,0.139471,-0.705844,0.000000
-12.907986,3.275577,13.558052,0.693208,0.085203,-0.715684,0.000000
-14.107610,-1.695209,11.329338,0.795229,0.020877,-0.605949,0.000000
-14.645244,4.511246,11.789225,0.773770,0.082974,-0.628009,0.000000
-11.609429,2.512908,14.631004,0.628531,0.082870,-0.773357,0.000000
-14.803964,3.337500,11.449348,0.787253,0.081333,-0.611242,0.000000
-13.642812,1.957010,12.610961,0.747766,0.083525,-0.658688,0.000000
-14.149726,1.212975,11.894967,0.780327,0.088835,-0.619030,0.000000
-11.970941,-5.352657,14.016310,0.662412,-0.050532,-0.747433,0.000000
-13.586289,3.411375,12.887094,0.723434,0.076716,-0.686118,0.000000
-13.282133,-3.519076,11.921006,0.696262,0.009869,-0.717720,0.000000
-12.884111,2.772319,13.522019,0.697891,0.083324,-0.711341,0.000000
-10.731931,-0.119708,14.696078,0.598102,0.022409,-0.801107,0.000000
-13.245138,5.107759,13.433754,0.711878,0.087358,-0.696848,0.000000
-13.675830,-1.702217,11.486157,0.632412,-0.087018,-0.769729,0.000000
-13.809501,-3.627234,11.464224,0.634732,0.016629,-0.772553,0.000000
-12.071739,3.318927,14.334196,0.654066,0.082494,-0.751926,0.000000
-13.617402,-8.225551,12.383100,0.753700,0.004024,-0.657206,0.000000
-12.296376,6.403126,14.490997,0.660131,0.081398,-0.746727,0.000000
-11.813261,-5.573859,14.168995,0.656426,-0.045040,-0.753044,0.000000
-13.915081,-3.064128,11.588852,0.787377,-0.001899,-0.616469,0.000000
-14.077378,-0.253185,11.366145,0.797578,0.022418,-0.602799,0.000000
-11.856792,-7.158850,14.154800,0.659050,0.004022,-0.752088,0.000000
-11.876672,-7.958901,14.132844,0.660456,0.004025,-0.750854,0.000000
-13.760820,5.731053,12.961555,0.738361,0.081736,-0.669434,0.000000
-12.629074,5.244557,14.053274,0.681079,0.087142,-0.727006,0.000000
-10.817290,-1.889665,14.633723,0.603405,-0.016969,-0.797254,0.000000
-11.942434,-8.235505,14.073402,0.660455,0.004646,-0.750852,0.000000
-11.050284,-0.244423,14.453009,0.617850,-0.019797,-0.786047,0.000000
-11.646360,-12.225952,14.312008,0.646804,-0.004285,-0.762644,0.000000
-13.937358,6.134555,12.815524,0.747992,0.081517,-0.658683,0.000000
-12.336765,5.979504,14.406310,0.659568,0.091208,-0.746090,0.000000
-13.584696,-9.425593,12.412790,0.751861,0.004026,-0.659309,0.000000
-13.313576,-9.990652,12.590513,0.735845,-0.085657,-0.671710,0.000000
-14.849057,-3.005843,8.749565,0.684014,-0.160619,-0.711566,0.000000
-12.183184,6.382113,14.587143,0.648350,0.091045,-0.755879,0.000000
-11.157121,1.301237,14.856138,0.608250,0.077296,-0.789973,0.000000
-10.800053,0.791187,14.658482,0.601942,0.015478,-0.798390,0.000000
-14.114620,6.538542,12.663534,0.757668,0.081268,-0.647560,0.000000
-11.866762,-7.558860,14.143806,0.659755,0.004022,-0.751470,0.000000
-11.886580,-8.358887,14.121865,0.661158,0.004024,-0.750236,0.000000
-13.650166,-7.025512,12.353154,0.755543,0.004021,-0.655087,0.000000
-11.962196,-9.035514,14.051252,0.661854,0.004646,-0.749618,0.000000
-12.812820,8.167034,8.979287,0.711317,0.099226,-0.695832,0.000000
-11.074647,-2.930773,14.439292,0.619310,-0.001900,-0.785144,0.000000
-13.573805,-9.825603,12.422631,0.751249,0.004027,-0.660007,0.000000
-13.571030,-7.568791,12.440663,0.754312,0.004643,-0.656500,0.000000
-10.525919,-2.041007,14.462301,0.589006,0.206755,-0.781233,0.000000
-11.710780,-12.056623,14.253396,0.646488,-0.031534,-0.762272,0.000000
-12.657248,4.803171,13.975723,0.689957,0.082041,-0.719186,0.000000
-13.593155,-6.826474,12.420771,0.755523,0.008248,-0.655070,0.000000
-12.237117,-11.854586,13.635925,0.682236,0.080838,-0.726650,0.000000
-13.401756,-3.342529,11.802962,0.716132,-0.001165,-0.697964,0.000000
-11.997927,7.191079,14.821743,0.635458,0.065484,-0.769354,0.000000
-14.243720,-4.373345,9.556474,0.677851,-0.070068,-0.731852,0.000000
-11.916090,-9.558921,14.089007,0.663248,0.004026,-0.748388,0.000000
-11.939163,-11.756549,14.056446,0.661043,-0.000289,-0.750348,0.000000
-11.906257,-9.158938,14.099976,0.662552,0.004027,-0.749005,0.000000
-14.340816,7.381559,12.482203,0.770728,0.053579,-0.634907,0.000000
-12.001107,3.369324,14.401621,0.653271,0.096011,-0.751012,0.000000
-15.071410,-6.410823,8.796762,0.710835,0.041633,-0.702125,0.000000
-14.299584,-5.434429,11.077909,0.806926,0.029579,-0.589912,0.000000
-10.894022,-3.888354,14.588661,0.613139,-0.000384,-0.789975,0.000000
-11.123861,9.285402,15.069687,0.657312,-0.018364,-0.753395,0.000000
-10.981544,-4.272989,14.520718,0.613124,-0.018011,-0.789781,0.000000
-12.956985,-11.988039,12.908211,0.719543,0.080846,-0.689726,0.000000
-13.640391,1.872785,9.473563,0.746020,-0.180462,-0.641006,0.000000
-11.873383,-12.409862,13.886444,0.657357,0.140543,-0.740358,0.000000
-11.847026,-10.528400,14.087911,0.659836,-0.060381,-0.748979,0.000000
-11.894225,-6.693210,14.125751,0.657071,0.008252,-0.753784,0.000000
-13.336540,-3.067782,11.869319,0.716132,-0.001670,-0.697963,0.000000
-13.463112,-12.118487,12.340091,0.745007,0.122332,-0.655744,0.000000
-12.350775,-18.351862,13.010653,0.721395,0.208500,-0.660391,0.000000
-10.488577,2.006019,15.425591,0.580183,0.085364,-0.810001,0.000000
-11.928406,-14.881612,14.047687,0.660761,0.020027,-0.750329,0.000000
-12.642832,-6.496347,12.197227,0.673418,0.165291,-0.720546,0.000000
-15.327464,-4.499506,8.513041,0.727593,-0.056165,-0.683706,0.000000
-14.875640,-8.735441,8.669890,0.684088,0.166137,-0.710226,0.000000
-15.650943,-4.437079,8.156984,0.739749,-0.061414,-0.670075,0.000000
-15.000630,2.485874,11.073163,0.806140,0.075869,-0.586841,0.000000
-11.535363,2.586018,14.699611,0.627850,0.094967,-0.772519,0.000000
-13.168196,1.297752,9.920156,0.713505,-0.214186,-0.667110,0.000000
-13.215730,-3.065340,11.987967,0.696294,-0.001823,-0.717754,0.000000
-14.759212,3.761873,11.560015,0.787850,0.071476,-0.611705,0.000000
-14.955506,-5.367838,8.938725,0.707490,-0.010121,-0.706651,0.000000
-12.159640,7.248082,14.690083,0.650119,0.053588,-0.757940,0.000000
-10.642409,-5.867988,14.741319,0.592339,0.056676,-0.803693,0.000000
-11.791357,-14.753386,14.152855,0.680024,0.012013,-0.733092,0.000000
-6.413389,-11.255322,18.015381,0.000249,-0.113829,-0.993500,0.000000
-11.877828,-15.998334,13.999075,0.644519,0.089823,-0.759294,0.000000
-11.755255,10.141361,10.333323,0.685789,-0.046383,-0.726321,0.000000
-11.142032,-12.612258,14.729270,0.615012,-0.005141,-0.788501,0.000000
-6.339958,-16.018492,17.946438,0.003993,0.142122,-0.989841,0.000000
-11.719863,11.058451,10.027721,0.640150,-0.055837,-0.766218,0.000000
-11.345064,6.897060,15.098225,0.612448,-0.063516,-0.787955,0.000000
-12.989759,-9.571202,10.089870,0.612603,0.228863,-0.756531,0.000000
-15.025254,-6.461911,8.840535,0.713036,0.039437,-0.700017,0.000000
-10.409730,2.343861,15.517797,0.572965,0.085102,-0.815149,0.000000
-11.154953,-14.876352,14.704631,0.631088,0.011365,-0.775628,0.000000
-13.120888,0.341193,11.636587,0.703237,-0.190008,-0.685095,0.000000
-6.007965,-15.951968,17.956644,-0.000090,0.142123,-0.989849,0.000000
-11.630241,-17.352751,13.955007,0.615803,0.174474,-0.768340,0.000000
-11.177889,-16.509918,14.571522,0.628068,0.098366,-0.771917,0.000000
-13.004905,-16.689112,12.858931,0.716600,0.109497,-0.688836,0.000000
-6.415245,-16.065521,17.939346,0.000365,0.149238,-0.988801,0.000000
-13.914652,-0.278378,11.582858,0.787529,-0.001008,-0.616277,0.000000
-6.008461,-11.252228,18.015100,-0.000059,-0.114019,-0.993479,0.000000
-10.273711,2.749779,15.655459,0.562457,0.084732,-0.822473,0.000000
-11.631273,10.486087,13.771455,0.679246,-0.000000,-0.733911,0.000000
-11.846987,-6.808847,14.165816,0.658334,0.007146,-0.752692,0.000000
-12.014540,6.919239,17.198408,0.684760,0.175623,-0.707291,0.000000
-5.473176,-16.014061,17.947712,-0.000181,0.141850,-0.989888,0.000000
-10.230871,-2.622582,14.837256,0.545325,-0.199558,-0.814124,0.000000
-10.441879,2.007943,15.459148,0.572721,0.089944,-0.814801,0.000000
-13.122666,-16.251287,12.802350,0.714259,0.097299,-0.693085,0.000000
-5.877698,-16.012589,17.947952,0.000101,0.141748,-0.989903,0.000000
-13.907452,9.830647,7.886547,0.775446,0.003752,-0.631403,0.000000
-4.809753,-13.695009,18.130409,0.000021,0.021215,-0.999775,0.000000
-3.608367,-15.945438,17.957518,-0.000065,0.141735,-0.989905,0.000000
-11.083364,1.593139,14.942349,0.604836,0.082536,-0.792061,0.000000
-13.106943,0.742379,10.315145,0.715268,-0.117934,-0.688828,0.000000
-12.778875,14.937500,8.066986,0.707677,-0.288275,-0.645051,0.000000
-5.607346,-15.945818,17.957510,-0.000129,0.141748,-0.989903,0.000000
-11.204661,-19.338913,13.806410,0.645036,0.274503,-0.713146,0.000000
-3.873951,-16.012142,17.947994,-0.000133,0.141735,-0.989905,0.000000
-11.540885,-11.466799,14.012239,0.668928,-0.180299,-0.721130,0.000000
-14.856460,12.155484,11.104637,0.795941,-0.231044,-0.559550,0.000000
-9.160804,-2.924052,15.770885,0.514419,-0.002320,-0.857536,0.000000
-10.798965,-12.727180,14.881540,0.619843,-0.093666,-0.779116,0.000000
-14.459493,-10.783151,8.386631,0.657169,0.299675,-0.691610,0.000000
-12.329205,15.230395,14.535860,0.683217,0.038027,-0.729225,0.000000
-10.551927,-19.601887,14.098515,0.543976,0.284918,-0.789248,0.000000
-6.279366,-13.824516,18.127703,0.000206,0.021322,-0.999773,0.000000
-4.009219,-13.695338,18.130411,-0.000012,0.021235,-0.999775,0.000000
-9.174308,-5.032275,15.754301,0.519789,-0.003889,-0.854286,0.000000
-15.211134,-4.275964,10.379011,0.612463,-0.099868,-0.784165,0.000000
-4.409706,-15.936068,17.958904,0.000019,0.141147,-0.989989,0.000000
-12.843546,2.516515,10.125476,0.711367,-0.225899,-0.665527,0.000000
-16.220310,-2.970917,7.256894,0.763336,-0.163052,-0.625086,0.000000
-9.090494,-3.060074,15.813404,0.514172,-0.002152,-0.857684,0.000000
-4.409327,2.715225,14.623100,-0.000005,-0.210183,-0.977662,0.000000
-8.323140,-19.326736,15.844556,0.456194,0.266979,-0.848887,0.000000
-13.352953,14.924809,7.413738,0.736893,-0.287424,-0.611863,0.000000
-11.655372,12.231775,14.548076,0.618865,-0.235813,-0.749265,0.000000
-8.846107,-4.289165,15.959689,0.498837,-0.000334,-0.866696,0.000000
-8.772654,-17.650244,15.753696,0.447041,0.217380,-0.867698,0.000000
-14.207824,15.219528,12.469891,0.778228,0.038706,-0.626788,0.000000
-3.261018,-11.253759,18.015543,0.003226,-0.113865,-0.993491,0.000000
-2.821499,-13.729891,18.131313,0.000756,0.023261,-0.999729,0.000000
-2.821377,-15.945719,17.959440,0.000748,0.141327,-0.989963,0.000000
-9.986456,3.563577,15.931573,0.540478,0.083870,-0.837167,0.000000
-3.874856,-5.857502,15.018462,-0.000076,-0.002313,-0.999997,0.000000
-6.281798,-11.327873,18.023743,0.000358,-0.114019,-0.993479,0.000000
-5.075546,-11.330122,18.023964,-0.000033,-0.113882,-0.993494,0.000000
-12.710548,-19.579725,12.281549,0.687065,0.288887,-0.666697,0.000000
-7.072997,-7.775480,17.077570,0.023576,-0.281998,-0.959125,0.000000
-13.392817,-9.497972,-10.802688,0.748109,0.157742,0.644554,0.000000
-10.806430,11.636280,14.284397,0.622631,-0.139344,-0.770009,0.000000
-12.173973,-7.563494,-12.297184,0.667758,0.004312,0.744366,0.000000
-12.104118,-7.433673,-12.360641,0.667978,0.004531,0.744167,0.000000
-2.691087,-16.006741,17.950851,0.000938,0.140952,-0.990016,0.000000
-5.474030,-11.329828,18.023954,-0.000128,-0.113900,-0.993492,0.000000
-17.116339,-5.573741,6.454670,0.815759,-0.012965,-0.578247,0.000000
-14.008569,-4.381587,-13.557908,0.662803,-0.065487,0.745925,0.000000
-4.009257,-11.254122,18.015259,-0.000010,-0.113905,-0.993492,0.000000
-3.476162,-9.264744,14.689245,0.000005,0.189845,-0.981814,0.000000
-11.634752,-8.242946,-12.766952,0.651898,0.005111,0.758290,0.000000
-5.874673,-11.328686,18.023865,-0.000088,-0.113969,-0.993484,0.000000
-11.743188,17.915554,7.410242,0.648872,-0.454941,-0.609914,0.000000
-4.809366,2.715270,14.623092,-0.000003,-0.210186,-0.977661,0.000000
-4.809333,-0.998822,15.018877,-0.000005,0.002353,-0.999997,0.000000
-12.167129,16.527857,14.738972,0.671546,0.031936,-0.740274,0.000000
-11.661085,-19.336811,13.416794,0.646069,0.272840,-0.712849,0.000000
-15.364249,7.276668,11.100802,0.827352,0.051802,-0.559290,0.000000
-11.661736,-7.443007,-12.748867,0.653424,0.005115,0.756975,0.000000
-9.863908,15.201600,14.579675,0.523529,-0.420503,-0.741009,0.000000
-9.489036,18.701876,11.447904,0.509800,-0.603795,-0.612809,0.000000
-2.693771,0.179225,15.879867,0.001106,-0.205806,-0.978592,0.000000
-10.416990,12.539772,10.987077,0.582371,-0.147177,-0.799489,0.000000
-4.225751,-20.476154,-15.874792,-0.003145,0.397949,0.917402,0.000000
-11.036339,-4.766282,-11.360582,0.603342,0.408330,0.685015,0.000000
-11.888918,17.231316,7.728961,0.668510,-0.430096,-0.606721,0.000000
-3.540399,-19.813093,16.931608,0.004020,0.366097,-0.930568,0.000000
-1.959478,-2.849433,-17.286980,-0.003121,-0.040317,0.999182,0.000000
-12.100254,-7.828042,-12.361807,0.667758,0.004179,0.744367,0.000000
-11.925860,-9.958933,14.078077,0.663941,0.004027,-0.747774,0.000000
-11.612844,-10.512430,-12.714552,0.632845,-0.064653,0.771575,0.000000
-12.229201,-21.746683,-9.860573,0.703533,0.416583,0.575761,0.000000
-11.743336,1.059447,10.005343,0.527796,-0.362909,-0.767938,0.000000
-11.618414,-8.642906,-12.778435,0.650957,0.005108,0.759097,0.000000
-12.196220,10.251336,18.954840,0.718625,-0.021851,-0.695054,0.000000
-11.602308,-9.042898,-12.789687,0.650031,0.005108,0.759891,0.000000
-4.009364,2.715183,14.623107,-0.000003,-0.210181,-0.977663,0.000000
-5.474045,-24.211857,-13.663131,-0.000127,0.617121,0.786869,0.000000
-5.691721,2.641687,11.852960,0.184980,-0.432940,-0.882239,0.000000
1.701321,2.616267,14.644011,0.001413,-0.209628,-0.977780,0.000000
-10.179135,-19.384720,14.572427,0.545791,0.269002,-0.793568,0.000000
-11.586391,-9.442832,-12.800748,0.649116,0.005104,0.760672,0.000000
-5.822916,7.202740,12.355951,0.263950,-0.490541,-0.830482,0.000000
-4.409691,-20.627098,-15.809203,0.000018,0.402312,0.915503,0.000000
-3.609364,2.715141,14.623114,-0.000003,-0.210178,-0.977663,0.000000
-13.555362,-7.909667,-13.786968,0.644818,0.127124,0.753690,0.000000
-6.102036,-19.875195,-16.467976,0.061167,0.831452,0.552219,0.000000
-2.129885,-19.712200,-16.169777,-0.034137,0.350164,0.936066,0.000000
-13.067134,-2.782669,-10.272868,0.735539,0.263092,0.624312,0.000000
-13.481836,-5.377988,-14.037729,0.617794,-0.000000,0.786340,0.000000
-5.208897,-20.559032,-15.838476,-0.000032,0.398058,0.917360,0.000000
-2.809327,2.715004,14.623140,-0.000005,-0.210170,-0.977665,0.000000
-4.676417,-11.329961,18.023945,0.000021,-0.113891,-0.993493,0.000000
-13.349790,-10.636714,-10.995283,0.737853,0.003159,0.674954,0.000000
-14.220565,-7.795569,-13.212393,0.676709,0.126606,0.725283,0.000000
-5.075500,-24.211868,-13.663087,-0.000036,0.617123,0.786867,0.000000
-3.875962,-1.132194,15.018557,-0.000007,0.002356,-0.999997,0.000000
-4.009244,-20.557322,-15.839212,-0.000010,0.397951,0.917407,0.000000
-4.276000,-1.132156,15.018560,-0.000005,0.002353,-0.999997,0.000000
-14.094358,17.814903,12.809721,0.736810,0.082940,-0.670993,0.000000
-12.148012,-9.957871,-12.307397,0.666392,0.003960,0.745591,0.000000
-16.763229,-5.074432,3.225397,0.664582,-0.051255,-0.745455,0.000000
-9.808804,-11.732792,-15.106882,0.415811,0.344429,0.841707,0.000000
-5.075461,-25.299103,-12.748595,-0.000038,0.672152,0.740413,0.000000
-15.206639,-0.590559,7.650639,0.727692,-0.279003,-0.626596,0.000000
-7.387074,-20.444599,16.021338,0.423522,0.340778,-0.839344,0.000000
-12.531928,18.546722,14.407583,0.658566,0.047666,-0.751012,0.000000
-10.532831,-17.869482,-14.131363,0.443815,0.692776,0.568410,0.000000
-5.904487,7.260244,11.654015,0.173310,-0.620518,-0.764802,0.000000
-4.675961,-1.132194,15.018562,-0.000007,0.002356,-0.999997,0.000000
-1.616076,-18.536533,17.087465,-0.021807,0.260851,-0.965133,0.000000
-12.687659,-10.775931,-11.682079,0.703296,0.003071,0.710890,0.000000
-4.446113,-10.919840,-16.507156,0.027294,0.293288,0.955634,0.000000
-2.000046,-18.183353,17.184521,-0.000000,0.243188,-0.969979,0.000000
-13.638994,-5.707525,-13.908554,0.632118,0.023751,0.774508,0.000000
-14.773659,-6.465863,-12.850385,0.706292,0.055667,0.705729,0.000000
-3.209364,2.715046,14.623134,-0.000003,-0.210172,-0.977664,0.000000
-3.875915,-25.249470,-12.796032,-0.000010,0.669010,0.743253,0.000000
-3.150223,-11.290648,18.020256,0.004634,-0.116284,-0.993205,0.000000
-4.861738,-18.028919,-16.723743,0.003271,0.258401,0.966032,0.000000
-9.104558,18.596823,11.850332,0.474522,-0.600993,-0.643146,0.000000
-9.583334,19.313366,8.336170,0.540112,-0.551456,-0.635747,0.000000
-3.847395,-17.873133,-16.764818,-0.001793,0.256997,0.966410,0.000000
-1.011716,-19.184933,-15.320461,0.040205,0.180195,0.982809,0.000000
-4.409754,-24.200251,-13.673144,0.000022,0.612230,0.790680,0.000000
-2.820704,-25.336388,-12.720340,0.000706,0.669729,0.742605,0.000000
-8.721632,-22.286943,-12.595847,0.440354,0.462456,0.769561,0.000000
-3.289344,-24.200752,-13.673312,0.004996,0.612229,0.790665,0.000000
-10.208282,3.417622,11.639331,0.563631,-0.566243,-0.601406,0.000000
-10.148384,-23.555960,-13.137786,0.214358,0.534948,0.817240,0.000000
-12.510269,18.565622,14.427755,0.651478,0.055521,-0.756633,0.000000
-16.897097,-5.883882,6.761948,0.804606,-0.000000,-0.593809,0.000000
-6.464702,-20.480476,-15.869763,0.011789,0.398217,0.917215,0.000000
-8.636447,16.891209,10.518242,0.467001,-0.393886,-0.791684,0.000000
13.162590,-9.956763,-10.823748,-0.756338,0.003891,0.654169,0.000000
-11.665323,17.575684,15.221657,0.638436,0.041447,-0.768558,0.000000
-4.674809,-9.269514,14.688374,-0.000079,0.190142,-0.981757,0.000000
-3.476000,-1.132156,15.018556,-0.000005,0.002353,-0.999997,0.000000
-1.299023,-19.219635,-16.247776,0.063934,0.266310,0.961765,0.000000
3.190078,-24.766865,-13.095036,0.000032,0.637426,0.770512,0.000000
-12.215673,6.906426,-13.045996,0.655453,0.074942,0.751509,0.000000
-3.281017,-1.146338,-17.198740,0.004475,-0.096760,0.995298,0.000000
-12.157947,12.905414,-12.267396,0.671029,0.005928,0.741408,0.000000
-13.910070,24.606483,12.036563,0.728473,-0.294029,-0.618768,0.000000
-12.601744,5.649942,-12.553546,0.674835,0.082809,0.733308,0.000000
-13.879734,15.668507,-11.493391,0.749243,0.035645,0.661335,0.000000
-3.474970,-1.533605,15.017594,-0.000069,0.002444,-0.999997,0.000000
4.390407,-23.886215,-13.789555,0.000011,0.596435,0.802661,0.000000
-13.875313,-11.876205,-12.137168,0.658008,0.359933,0.661418,0.000000
-12.201895,13.238037,-12.230952,0.669493,0.007361,0.742782,0.000000
-9.634281,20.125013,7.534754,0.543216,-0.593593,-0.593771,0.000000
3.558782,-20.357271,-15.828466,0.001988,0.390616,0.920552,0.000000
1.727726,-20.758400,-15.483644,0.022290,0.386971,0.921822,0.000000
-8.891656,20.209644,8.077670,0.488438,-0.589070,-0.643759,0.000000
-3.661648,-18.006449,-16.729507,0.003265,0.256997,0.966407,0.000000
-4.879397,-16.083584,-16.736452,0.030921,0.613115,0.789388,0.000000
3.334400,-23.801546,-13.850958,-0.000655,0.596431,0.802664,0.000000
-12.358124,-8.244308,-14.590755,0.548554,0.154110,0.821790,0.000000
-2.038582,-1.468265,-17.232628,0.001823,-0.076640,0.997057,0.000000
6.124076,-23.734287,-13.900676,-0.000009,0.592339,0.805689,0.000000
-9.540689,20.293547,7.478045,0.520041,-0.593739,-0.614029,0.000000
-6.153826,-24.380909,-13.528892,0.009026,0.623516,0.781758,0.000000
2.789213,-24.763626,-13.097647,0.000086,0.637224,0.770679,0.000000
-13.692320,23.115704,13.331317,0.742536,-0.063045,-0.666833,0.000000
-13.922267,16.068684,-11.466234,0.751315,0.035634,0.658981,0.000000
3.334131,-24.684647,-13.162929,-0.000638,0.636669,0.771137,0.000000
-5.452683,16.171234,16.388342,0.293620,-0.459040,-0.838493,0.000000
-5.609860,18.800098,11.048791,0.302922,-0.515643,-0.801468,0.000000
-1.693206,1.119049,-16.581181,-0.019763,-0.310359,0.950414,0.000000
-7.582691,20.036398,9.016928,0.399863,-0.565509,-0.721324,0.000000
-13.125701,-12.374456,-9.932415,0.725342,0.353577,0.590645,0.000000
-4.809333,-1.580754,-17.246582,-0.000005,0.005391,0.999985,0.000000
-13.861216,15.168141,-11.488146,0.745152,0.033585,0.666048,0.000000
-7.058655,22.349701,7.121843,0.382740,-0.708565,-0.592829,0.000000
3.208696,-22.620884,-13.348713,-0.318017,0.488344,0.812641,0.000000
-2.674779,-1.536008,15.017546,-0.000081,0.002594,-0.999997,0.000000
-1.133752,-10.454177,17.500969,-0.050915,-0.111279,-0.992484,0.000000
-3.473558,-5.459791,15.017510,-0.000157,-0.002170,-0.999998,0.000000
-2.030969,-1.426606,-17.228338,0.001347,-0.054244,0.998527,0.000000
-0.067038,-20.229729,-15.698009,0.139804,0.387837,0.911064,0.000000
-12.355133,5.930153,-12.811027,0.667005,0.089636,0.739642,0.000000
-8.207077,21.349770,14.950928,0.465759,-0.686748,-0.558074,0.000000
-3.894489,-3.910403,-17.113741,0.000384,0.108645,0.994081,0.000000
-3.614865,-1.577587,-17.246693,0.000341,0.005193,0.999986,0.000000
11.627718,-23.901400,-10.228230,-0.170689,0.562142,0.809235,0.000000
-11.026855,0.769522,-13.324087,0.602487,0.108498,0.790720,0.000000
-13.239766,15.133207,-12.157116,0.717904,0.035768,0.695223,0.000000
-11.456543,12.146893,-12.870137,0.642385,0.005746,0.766361,0.000000
-11.970683,5.089499,-13.046537,0.650493,0.096833,0.753314,0.000000
-13.104865,16.097847,-12.343360,0.712215,0.033811,0.701146,0.000000
6.791446,-28.021477,-9.474854,-0.000053,0.830700,0.556721,0.000000
-8.024055,5.481935,9.239682,0.334821,-0.615047,-0.713872,0.000000
-0.271878,-18.854105,-15.452464,-0.000000,0.097134,0.995271,0.000000
3.323409,-21.563475,16.039675,0.000032,0.458641,-0.888622,0.000000
-12.491822,22.923023,14.561061,0.675960,-0.045291,-0.735545,0.000000
-2.305235,-2.716098,-17.281822,0.001822,-0.040317,0.999185,0.000000
-4.821147,-2.293267,14.785771,0.009067,-0.150608,-0.988552,0.000000
7.591724,-23.885788,-13.789790,-0.000071,0.596410,0.802680,0.000000
-12.939018,18.513136,-12.625439,0.698198,0.032856,0.715150,0.000000
-2.278251,-1.422549,-17.247650,0.000136,0.003836,0.999993,0.000000
-6.568428,20.648495,12.009630,0.346120,-0.744869,-0.570413,0.000000
14.178641,-24.035347,-9.247268,-0.342497,0.588676,0.732227,0.000000
-11.456286,11.735728,-12.867119,0.642508,0.006444,0.766252,0.000000
-2.714412,-8.089151,15.600934,0.002396,0.268067,-0.963397,0.000000
8.791723,-23.885063,-13.790215,-0.000071,0.596366,0.802712,0.000000
-12.960548,19.132668,-12.633991,0.694365,0.035802,0.718732,0.000000
-13.008169,17.703014,-12.518663,0.703736,0.033488,0.709672,0.000000
-0.319260,-9.394970,18.507458,-0.000000,0.002112,-0.999998,0.000000
-2.438583,-1.475866,-17.232544,0.001823,-0.076165,0.997094,0.000000
-12.606445,20.175613,-13.012530,0.674269,0.025930,0.738031,0.000000
-1.638619,-1.460666,-17.232710,0.001826,-0.077115,0.997021,0.000000
-0.919781,-10.905561,-16.509666,0.040232,0.242540,0.969307,0.000000
-0.285215,0.001855,-17.254633,0.000571,-0.060189,0.998187,0.000000
-4.676001,2.625160,14.642464,-0.000005,-0.210183,-0.977662,0.000000
-2.843244,-1.367914,-17.222202,0.002115,-0.082912,0.996555,0.000000
4.872693,-27.525297,-9.563888,-0.304533,0.736587,0.603904,0.000000
-3.859212,7.848179,11.558775,0.120682,-0.652113,-0.748455,0.000000
13.639386,2.978586,-10.663669,-0.772087,0.093214,0.628644,0.000000
8.455551,-21.675468,-12.792868,-0.450045,0.412748,0.791896,0.000000
11.494565,2.384319,-12.781055,-0.652954,0.082574,0.752883,0.000000
-1.464365,-1.848227,-16.459171,0.066621,0.247666,0.966552,0.000000
9.591754,-23.884579,-13.790496,-0.000073,0.596338,0.802734,0.000000
-0.228801,-4.429613,18.419773,0.000289,-0.102628,-0.994720,0.000000
-6.013275,-25.249462,-12.793788,0.008575,0.669006,0.743207,0.000000
6.797975,-3.826233,-12.577560,-0.711157,-0.129267,0.691047,0.000000
12.100042,-24.288460,-9.828065,-0.181841,0.611664,0.769936,0.000000
1.169743,-2.251235,-17.013723,0.001303,-0.152704,0.988271,0.000000
-0.274781,5.835215,-22.118765,-0.000081,0.178156,0.984002,0.000000
-7.083336,21.580446,7.966101,0.384243,-0.667576,-0.637730,0.000000
1.961491,-2.352711,-17.005175,-0.023181,-0.121362,0.992338,0.000000
1.712594,-1.401073,-17.250040,0.000708,0.002494,0.999997,0.000000
-0.022076,-12.125317,-15.516874,-0.271829,0.368220,0.889114,0.000000
-7.055038,0.205776,11.787417,0.027651,-0.772780,-0.634072,0.000000
3.934623,-30.167755,-5.435201,-0.210115,0.920191,0.330303,0.000000
13.081311,1.714139,-11.142719,-0.738911,0.082793,0.668697,0.000000
-12.607411,20.400820,-13.021607,0.669635,0.034077,0.741908,0.000000
13.008080,6.325377,-11.806698,-0.715337,0.094591,0.692348,0.000000
12.228388,-3.408926,-11.489162,-0.721069,-0.005349,0.692843,0.000000
-13.723460,23.775948,-11.703900,0.735929,-0.094147,0.670481,0.000000
11.382579,6.987189,-12.983720,-0.699666,0.123752,0.703671,0.000000
8.403853,-23.126225,-11.969197,-0.429548,0.508105,0.746538,0.000000
-4.855720,12.528511,4.006270,0.174946,-0.952597,-0.248902,0.000000
13.647588,4.751585,-10.888003,-0.761077,0.092953,0.641966,0.000000
10.404852,1.022500,-13.078782,-0.602974,0.001021,0.797760,0.000000
-12.886594,19.532515,-12.723845,0.689135,0.035811,0.723747,0.000000
13.776396,-2.614867,-9.656442,-0.803425,0.003356,0.595397,0.000000
1.579279,-0.186509,-17.216963,0.000707,-0.056750,0.998388,0.000000
-13.626718,24.841072,13.076868,0.749630,-0.173596,-0.638686,0.000000
-1.317048,-3.130163,-21.087774,-0.018464,-0.051662,0.998494,0.000000
2.425533,-12.558285,18.100304,-0.162255,0.146179,-0.975861,0.000000
10.789920,-0.277497,14.308286,-0.623597,-0.001063,-0.781745,0.000000
4.390408,-18.211456,17.370693,0.000011,0.278143,-0.960540,0.000000
-12.378163,20.610668,-13.233825,0.659546,0.026669,0.751191,0.000000
-0.406992,5.750354,-22.103420,-0.000151,0.178051,0.984021,0.000000
-5.694258,22.884064,7.206462,0.308116,-0.758133,-0.574717,0.000000
-13.569709,23.634464,-11.891709,0.732666,-0.094150,0.674045,0.000000
-1.028699,10.777132,18.952299,0.047039,-0.141977,-0.988752,0.000000
9.725068,-13.774547,-17.246016,-0.000072,0.025836,0.999666,0.000000
-4.009522,21.055637,9.762862,0.203050,-0.632467,-0.747500,0.000000
13.147058,6.403533,-11.670506,-0.728672,0.081373,0.680012,0.000000
3.174955,-13.745658,18.040937,0.000977,0.024030,-0.999711,0.000000
-8.047089,6.182506,7.596775,0.181484,-0.730859,-0.657958,0.000000
-3.190056,-9.864593,-16.993980,-0.001210,-0.201870,0.979412,0.000000
-12.547007,24.393444,-12.791812,0.673357,-0.135176,0.726854,0.000000
-14.277542,23.509796,-11.137367,0.763999,-0.113282,0.635195,0.000000
4.775105,-18.328642,17.296272,0.075811,0.285330,-0.955427,0.000000
17.237576,-20.310736,-13.876456,-0.447425,0.380924,0.809141,0.000000
5.190438,-13.762465,18.042332,0.000010,0.025081,-0.999685,0.000000
1.614281,-4.357460,14.828938,0.006348,0.128106,-0.991740,0.000000
-12.273748,26.918346,13.877590,0.654438,-0.278108,-0.703112,0.000000
-6.884912,23.630451,4.861174,0.327248,-0.923892,-0.198322,0.000000
-16.357674,2.452848,3.804720,0.812129,-0.420670,-0.404331,0.000000
13.399300,0.251622,-10.107810,-0.790678,-0.050697,0.610130,0.000000
4.390368,-9.402751,17.589157,0.000014,-0.222401,-0.974955,0.000000
12.574436,15.588589,7.156675,-0.729855,-0.320002,-0.604078,0.000000
-5.616177,22.595779,7.609818,0.308831,-0.731493,-0.607899,0.000000
-15.901287,-3.422925,8.360325,0.887620,-0.004474,-0.460555,0.000000
10.521252,5.409392,-13.420550,-0.630177,0.215239,0.746022,0.000000
2.333307,6.457363,9.034204,-0.240125,-0.649066,-0.721840,0.000000
-6.043611,25.279387,2.926029,0.312557,-0.883320,-0.349362,0.000000
9.403435,-8.875974,-8.733778,-0.875986,0.165827,0.452935,0.000000
-4.627673,24.755493,12.200645,0.249896,-0.878866,-0.406382,0.000000
8.808317,-7.644203,-14.476582,-0.510639,0.009356,0.859744,0.000000
-4.894835,-17.041853,9.924603,0.145270,0.626263,-0.765957,0.000000
15.449150,-6.846849,-7.504748,-0.893048,0.017855,0.449608,0.000000
5.415080,-9.323414,17.562021,0.035969,-0.227360,-0.973146,0.000000
2.820344,-0.637531,-16.494366,-0.226672,-0.228377,0.946818,0.000000
-7.839435,28.709579,16.108284,0.389391,-0.382373,-0.837953,0.000000
-0.275175,13.854958,-22.123541,-0.000000,-0.158149,0.987415,0.000000
22.663322,-8.070639,-9.847684,-0.780883,-0.285569,0.555582,0.000000
3.724142,-7.571218,-16.281075,-0.000014,-0.320046,0.947402,0.000000
6.120534,0.323524,10.600653,-0.271323,-0.759868,-0.590749,0.000000
23.844404,-16.833126,-8.859482,-0.849649,0.191614,0.491305,0.000000
-14.666215,26.432005,11.378092,0.781605,-0.247809,-0.572438,0.000000
-5.717398,25.354996,3.027989,0.311520,-0.881921,-0.353795,0.000000
-5.973699,25.347252,2.817549,0.319645,-0.881088,-0.348584,0.000000
-11.279823,23.692272,-13.969585,0.591381,-0.119986,0.797416,0.000000
-8.760569,35.355244,9.356667,0.434183,-0.791542,-0.430054,0.000000
5.546977,-1.061871,-12.999154,-0.635427,-0.280676,0.719342,0.000000
7.532577,-0.106498,12.927529,-0.410865,-0.286750,-0.865427,0.000000
-13.719400,6.896258,2.555621,0.525351,-0.775994,-0.349055,0.000000
1.818395,4.017706,-16.435749,-0.064238,-0.297589,0.952530,0.000000
1.781543,-5.053771,-16.107491,-0.383213,-0.052546,0.922164,0.000000
-8.494942,36.429272,7.274896,0.406675,-0.853274,-0.326402,0.000000
-7.098001,23.974085,0.932852,0.296691,-0.954954,-0.006058,0.000000
13.383788,12.866388,-10.509142,-0.771568,0.002444,0.636142,0.000000
6.668125,-15.156495,-15.309361,-0.335884,0.028718,0.941466,0.000000
-8.632360,36.946289,5.456437,0.418310,-0.879336,-0.227564,0.000000
-10.206474,36.155159,5.310897,0.498811,-0.837427,-0.223392,0.000000
3.287764,2.534172,7.959986,-0.072740,-0.900303,-0.429144,0.000000
11.077476,8.360032,-12.042397,-0.672880,0.133448,0.727616,0.000000
12.561407,16.683195,-12.324684,-0.679269,0.038894,0.732858,0.000000
7.285124,8.711982,-1.914389,-0.546936,-0.837174,-0.000000,0.000000
12.628155,15.746493,-12.182420,-0.697986,0.047438,0.714539,0.000000
7.596680,2.963049,8.958858,-0.522556,-0.457130,-0.719700,0.000000
-10.141428,36.184662,5.343087,0.488912,-0.840301,-0.234223,0.000000
-0.905136,24.208315,19.159981,0.030983,-0.152479,-0.987821,0.000000
13.534535,15.227118,-11.166891,-0.755871,0.054898,0.652414,0.000000
11.807524,12.825708,18.234375,-0.738129,-0.173368,-0.652005,0.000000
-8.748518,33.795036,11.657590,0.459622,-0.697738,-0.549463,0.000000
-10.307256,36.476097,3.570133,0.503835,-0.852687,-0.138111,0.000000
-6.004489,36.326439,9.754922,0.274137,-0.845024,-0.459111,0.000000
-0.948505,5.509296,-14.263516,-0.066307,-0.599707,0.797468,0.000000
-2.289950,12.400937,5.020395,0.000867,-0.939606,-0.342258,0.000000
12.607448,18.386929,-12.367228,-0.680475,0.033049,0.732026,0.000000
3.532494,1.370748,10.071670,0.003631,-0.834069,-0.551649,0.000000
15.976645,-2.688149,7.020370,-0.917740,-0.201050,-0.342538,0.000000
16.524128,-10.236596,-2.132736,-0.968626,0.230031,0.094074,0.000000
17.390911,1.528585,3.700361,-0.982905,0.086190,-0.162695,0.000000
-5.222142,11.265909,-3.490344,0.174960,-0.979750,0.097358,0.000000
17.459421,-7.162464,1.998587,-0.997347,0.004247,-0.072667,0.000000
1.291662,9.499249,-5.504131,-0.383608,-0.923488,-0.003747,0.000000
17.461344,-6.815346,1.997476,-0.997333,0.007553,-0.072597,0.000000
0.669975,11.380626,-1.941820,-0.166683,-0.986011,-0.000000,0.000000
-4.600074,8.018760,-21.991478,0.192648,0.080421,0.977967,0.000000
16.158201,22.390400,9.281904,-0.883232,0.003230,-0.468925,0.000000
0.888426,12.101784,-3.213562,-0.181115,-0.983457,0.003093,0.000000
6.780498,-31.039654,0.479647,-0.000026,1.000000,-0.000744,0.000000
25.137325,-17.513369,-5.591204,-0.926485,0.225796,0.301069,0.000000
25.812725,-16.693975,5.218466,-0.982249,0.181094,-0.048909,0.000000
-13.988460,-2.921705,11.494557,0.787808,-0.002467,-0.615916,0.000000
7.592006,-29.301884,-7.217460,-0.000088,0.899799,0.436304,0.000000
6.131171,-29.374554,-7.053113,-0.000011,0.908068,0.418824,0.000000
-5.879720,-3.452767,15.102592,0.000228,-0.556508,-0.830842,0.000000
-4.328251,-22.173895,-4.279944,-0.000000,0.999975,-0.007025,0.000000
-16.714048,0.458961,-4.937994,0.945843,0.002908,0.324612,0.000000
-8.176691,-29.960762,-0.080036,0.411434,0.910869,0.032247,0.000000
-11.167036,1.377233,14.856107,0.604905,0.081160,-0.792151,0.000000
-22.127213,-16.729969,5.685816,0.956474,0.153731,-0.248040,0.000000
-11.985596,1.552396,7.953600,0.330612,-0.855338,-0.398864,0.000000
